"Original XML Dita File","UUID"
"primetime-master/digital-rights-management/secure-deployment-guidelines/overview.xml","2e96554c-5ea9-4108-86bb-596e51fb52b7"
"primetime-master/digital-rights-management/secure-deployment-guidelines/network-topology.xml","b8b072dc-8dc0-46ba-bb01-1e9b58af2681"
"primetime-master/digital-rights-management/secure-deployment-guidelines/network-topology-network-layer-sec.xml","c750c595-a784-47ce-be0b-17b8d60c5753"
"primetime-master/digital-rights-management/secure-deployment-guidelines/network-topology-firewall-rules.xml","309b35b5-8c0a-4cd7-9289-b6b035955697"
"primetime-master/digital-rights-management/secure-deployment-guidelines/network-topology-nw-protocols.xml","8954e33c-83ac-4b40-9e45-005d4954b44e"
"primetime-master/digital-rights-management/secure-deployment-guidelines/network-topology-ports-for-app-srvs.xml","3df7d29f-aa1b-4cf3-9f28-a9df6b013999"
"primetime-master/digital-rights-management/secure-deployment-guidelines/network-topology-configuring-ssl.xml","be547eac-f589-48ba-af14-8a7bec0e7431"
"primetime-master/digital-rights-management/secure-deployment-guidelines/vendor-specific-sec-info.xml","331baa42-5e19-40a5-bc74-0b1a2cb9370e"
"primetime-master/digital-rights-management/secure-deployment-guidelines/physical-sec-and-access.xml","a5b00012-f2e5-4afa-8c59-46910fa325da"
"primetime-master/digital-rights-management/secure-deployment-guidelines/pkging-and-protecting-content.xml","93835814-2d5e-4472-862c-2972c14d6401"
"primetime-master/digital-rights-management/secure-deployment-guidelines/pkging-and-protecting-content-secure-the-server.xml","9bf89f86-082e-40f9-8deb-c9774a9d8e02"
"primetime-master/digital-rights-management/secure-deployment-guidelines/pkging-and-protecting-content-secure-pkging.xml","3887f48f-6c27-4eb8-b91c-4227fdd50f7b"
"primetime-master/digital-rights-management/secure-deployment-guidelines/pkging-protecting-content-secure-storing-policies.xml","adb7cfc2-bcd8-4013-b63f-37d0c75b9885"
"primetime-master/digital-rights-management/secure-deployment-guidelines/pkging-and-protecting-content-ake.xml","c438efe3-aaf1-42b2-987b-feb96600d619"
"primetime-master/digital-rights-management/secure-deployment-guidelines/pkging-and-protecting-content-fmrms.xml","dd70941e-9015-4fb0-b265-557b6252e051"
"primetime-master/digital-rights-management/secure-deployment-guidelines/issuing-licenses.xml","c14a26d7-922f-449e-866a-2d51657b9f44"
"primetime-master/digital-rights-management/secure-deployment-guidelines/issuing-licenses-protect-license-server.xml","7b5de17d-d0a7-41df-9651-4ff51c9965c6"
"primetime-master/digital-rights-management/secure-deployment-guidelines/consume-local-crls.xml","2e20b8ca-8606-4c27-b585-2f020b93be32"
"primetime-master/digital-rights-management/secure-deployment-guidelines/consume-crls-by-adobe.xml","7a9088bd-dde6-4445-958c-3e7272215b3c"
"primetime-master/digital-rights-management/secure-deployment-guidelines/gen-crls-adobe.xml","0cc4254d-20a0-4e05-9c5b-0b84a5c833cb"
"primetime-master/digital-rights-management/secure-deployment-guidelines/rollback-detection.xml","f161ed41-488a-478a-b6a8-468cf6d11e89"
"primetime-master/digital-rights-management/secure-deployment-guidelines/rollback-detection-machine-count.xml","7ba8a8d4-a31f-4f37-82a7-755cfa443544"
"primetime-master/digital-rights-management/secure-deployment-guidelines/replay-detection.xml","93749dd3-a42c-4866-ac54-1b20d6683c42"
"primetime-master/digital-rights-management/secure-deployment-guidelines/maintain-whitelist.xml","9a132ef9-eb56-408a-939e-1acd32d83a33"
"primetime-master/digital-rights-management/secure-deployment-guidelines/timeout-for-authn-tokens.xml","2c2b0dad-0979-4d49-b109-2700ceb4d722"
"primetime-master/digital-rights-management/secure-deployment-guidelines/override-policy-options.xml","abb230c2-ceb1-4e6e-a2ea-17942d79d0dc"
"primetime-master/digital-rights-management/secure-deployment-guidelines/issuing-licenses-pre-gen.xml","9d2c3b9a-455f-4ac9-aa15-b9b2a3267c9b"
"primetime-master/digital-rights-management/secure-deployment-guidelines/issuing-licenses-domains.xml","30b73e38-d6ed-43c6-89ba-ae8616383779"
"primetime-master/digital-rights-management/tvsdk-drm-workflow/overview.xml","bac2ce3a-01d7-488b-88a3-ce2060b658b2"
"primetime-master/digital-rights-management/tvsdk-drm-workflow/content-protection-options.xml","e4865e17-fbb3-40be-ab23-816dd76f599d"
"primetime-master/digital-rights-management/tvsdk-drm-workflow/drm-on-client.xml","472180ad-6596-4a24-aa51-7909a75a5e10"
"primetime-master/digital-rights-management/tvsdk-drm-workflow/license-server.xml","5be34572-327f-47ff-8b24-17b18f2e258b"
"primetime-master/digital-rights-management/tvsdk-drm-workflow/content-protection-process-overview.xml","c2eedd0a-3e3a-4c2f-a781-855f0ba65b15"
"primetime-master/digital-rights-management/tvsdk-drm-workflow/content-protection-process-details.xml","4825c49e-fa6f-4c98-9d21-a2743930ca2e"
"primetime-master/digital-rights-management/tvsdk-drm-workflow/preloading-licenses.xml","1ebd4aec-edc2-4e83-84b4-0c33a5bd2de1"
"primetime-master/digital-rights-management/tvsdk-drm-workflow/preloading-licenses_overview.xml","71e5169b-7f70-4723-9f9b-fdff822c5876"
"primetime-master/digital-rights-management/tvsdk-drm-workflow/DRMContentData_preload.xml","5cedd077-0613-4677-8fb0-81237d7ac61a"
"primetime-master/digital-rights-management/tvsdk-drm-workflow/using-DRMStatusEvent.xml","fc4a87e6-074a-4e03-b5de-75e739297c42"
"primetime-master/digital-rights-management/tvsdk-drm-workflow/using-DRMStatusEvent-overview.xml","9faf35fe-63ac-43a8-a945-4735c12efb04"
"primetime-master/digital-rights-management/tvsdk-drm-workflow/create-drmstatusevent-handler.xml","64f539d9-344c-4372-88b8-c8d098af9dd8"
"primetime-master/digital-rights-management/tvsdk-drm-workflow/using-DRMAuthenticateEvent.xml","d9bce98e-3afe-43b3-a2a7-9bbca9b096cc"
"primetime-master/digital-rights-management/tvsdk-drm-workflow/create-drmauthnevent-handler.xml","58330691-d0b5-46bd-9b1d-8dc597580d31"
"primetime-master/digital-rights-management/tvsdk-drm-workflow/create-an-authn-ui.xml","4744bac0-c36e-4b0a-b3fb-d81c7f2e7617"
"primetime-master/digital-rights-management/tvsdk-drm-workflow/using-DRMErrorEvent.xml","50a60451-a6af-437a-84fd-d2ec98ffb7bf"
"primetime-master/digital-rights-management/tvsdk-drm-workflow/using-DRMErrorEvent_overview.xml","cbb9c1a7-3c50-479d-b7e5-63010a696dfa"
"primetime-master/digital-rights-management/tvsdk-drm-workflow/create-drmerrorevent-handler.xml","dde660fc-6899-47d4-97d4-46acda2db262"
"primetime-master/digital-rights-management/tvsdk-drm-workflow/using-DRMManager.xml","3a388999-7857-40cf-ab5d-51c61900bebe"
"primetime-master/digital-rights-management/tvsdk-drm-workflow/using-DRMManager-overview.xml","71ce061b-75b6-4ab5-8bbd-cafe7c3e4592"
"primetime-master/digital-rights-management/tvsdk-drm-workflow/DRMStatus-events.xml","f1509acf-21f1-4739-889d-9de2da6acd80"
"primetime-master/digital-rights-management/tvsdk-drm-workflow/DRMAuthenticationComplete-events.xml","ed40300a-4287-4512-a78b-04159c122877"
"primetime-master/digital-rights-management/tvsdk-drm-workflow/DRMAuthenticationError-events.xml","c55a3e14-b02b-4c68-9d1d-d96adb6e0225"
"primetime-master/digital-rights-management/tvsdk-drm-workflow/using-DRMContentData.xml","e79eb5b8-4e88-43b5-a80f-5fd141dc729d"
"primetime-master/digital-rights-management/tvsdk-drm-workflow/about-out-of-band-licenses.xml","814d2810-b254-4f18-8a54-8f2f63df2c8c"
"primetime-master/digital-rights-management/tvsdk-drm-workflow/about-out-of-band-licenses-overview.xml","82e4529a-ee1b-4c0c-8885-e0e68319d1a0"
"primetime-master/digital-rights-management/tvsdk-drm-workflow/about-device-registration.xml","18dbc377-26ba-4791-a433-12a4db208e11"
"primetime-master/digital-rights-management/tvsdk-drm-workflow/register-a-device.xml","e1bad373-f19b-432b-b815-f686dbabd0ee"
"primetime-master/digital-rights-management/tvsdk-drm-workflow/drm-factory-reset.xml","4c009e3d-980a-470e-a4b2-ba878acfb669"
"primetime-master/digital-rights-management/tvsdk-drm-workflow/device-domain-support.xml","0882d2f2-4730-4c34-93f6-1027ed7d0684"
"primetime-master/digital-rights-management/tvsdk-drm-workflow/play-encrypted-content-domain-support.xml","8854cc0f-9bfc-4833-82d7-a3f46ac88e06"
"primetime-master/digital-rights-management/tvsdk-drm-workflow/license-preview.xml","61ff171f-b977-40ef-8e8d-2900316fa89a"
"primetime-master/digital-rights-management/tvsdk-drm-workflow/delivering-content.xml","b277d369-fee3-4a20-9dd8-27b3a8a82a9e"
"primetime-master/digital-rights-management/aaxs-drm-xkey-mgmt/aaxs_drm-using-external-cek-overview.xml","ea0bba63-7743-4216-863f-392500998eb6"
"primetime-master/digital-rights-management/aaxs-drm-xkey-mgmt/aaxs_drm-standard-workflow.xml","b996eb2c-8e37-4a29-a972-e09c69d2461d"
"primetime-master/digital-rights-management/aaxs-drm-xkey-mgmt/aaxs_drm-external-cek-workflow.xml","b313594b-0feb-4f27-bf02-f04b955e2140"
"primetime-master/digital-rights-management/aaxs-drm-xkey-mgmt/aaxs_drm-using-external-cek.xml","1bfd8c6c-4ae9-47de-8247-085b5360127d"
"primetime-master/digital-rights-management/on-premises-i15n-server/title-page.xml","0fcfa24f-9e38-48d1-8d53-c94190a30eca"
"primetime-master/digital-rights-management/on-premises-i15n-server/sw-requirements.xml","9faa229b-1abf-4b55-b293-247777bcb1db"
"primetime-master/digital-rights-management/on-premises-i15n-server/code-delivery.xml","13de2fd4-9079-496c-a087-25176c118864"
"primetime-master/digital-rights-management/on-premises-i15n-server/obtain-server-certs.xml","ae1e848e-0a19-4ec3-8419-ce5fd783c279"
"primetime-master/digital-rights-management/on-premises-i15n-server/server-configuration-section.xml","e2c8e37a-717e-403c-baec-ace08741212a"
"primetime-master/digital-rights-management/on-premises-i15n-server/server-properties.xml","33342b3e-ee53-4e1e-8177-3c5f362fa986"
"primetime-master/digital-rights-management/on-premises-i15n-server/apply-props-to-envs.xml","a1ee0d6c-b5e7-4689-b7c8-b155176faf1c"
"primetime-master/digital-rights-management/on-premises-i15n-server/encrypt-passwords.xml","94dc7fe9-fe40-4779-912a-d84b58e4ee36"
"primetime-master/digital-rights-management/on-premises-i15n-server/server-properties_ref.xml","24a187fe-9b7d-411f-a358-d10c70a5dd0e"
"primetime-master/digital-rights-management/on-premises-i15n-server/create-i15n-ca-crl.xml","f722f3d1-517f-43e3-b892-f9287527fbe6"
"primetime-master/digital-rights-management/on-premises-i15n-server/configure-path-classpath.xml","cf10fafa-125e-450c-83ae-60b990dab6b5"
"primetime-master/digital-rights-management/on-premises-i15n-server/configure-tomcat.xml","5f23aa33-29d7-4b41-87a4-59dc5b433de4"
"primetime-master/digital-rights-management/on-premises-i15n-server/deploy-war-files.xml","435a6a6e-c981-46fb-bca9-7f5f34eecd6a"
"primetime-master/digital-rights-management/on-premises-i15n-server/firewall-rules.xml","f1629ceb-22de-4bb5-b73f-9b874d97ea8b"
"primetime-master/digital-rights-management/on-premises-i15n-server/about-crl-files.xml","672c3ca0-5c5d-4ec7-83b1-f0f8e34c8d09"
"primetime-master/digital-rights-management/on-premises-i15n-server/about-ecl-files.xml","124d8ab1-933b-4a1b-992a-919f3d799460"
"primetime-master/digital-rights-management/on-premises-i15n-server/monitoring.xml","ee62c55f-0d44-40f4-a2c7-39456f4d3d99"
"primetime-master/digital-rights-management/on-premises-i15n-server/update-license-server-war-file.xml","0cde53d6-185d-4bf2-84fc-0c31d17904a8"
"primetime-master/digital-rights-management/on-premises-i15n-server/gen-on-prem-drm-metadata.xml","89d53924-1a8d-42d4-a716-ce4f4566b6bf"
"primetime-master/digital-rights-management/on-premises-i15n-server/client-integration.xml","89b476e4-c382-47ce-8bd1-57c12b060073"
"primetime-master/digital-rights-management/on-premises-i15n-server/sample-client-requests.xml","330d5e3c-1711-4375-bd11-e7702f0cde31"
"primetime-master/digital-rights-management/on-premises-i15n-server/faq.xml","7e7409b5-9b3f-4dc3-96b6-42a06d9b1265"
"primetime-master/digital-rights-management/using-the-drm-key-server/overview.xml","26e7df90-c003-4617-81bc-cc3c3635d9fe"
"primetime-master/digital-rights-management/using-the-drm-key-server/requirements.xml","769f9e10-7a3e-4a38-b30d-18181b666bb4"
"primetime-master/digital-rights-management/using-the-drm-key-server/deployment.xml","b4938a70-d8a8-4313-85a1-4334833cd43d"
"primetime-master/digital-rights-management/using-the-drm-key-server/deployment-overview.xml","86630675-c15d-4f32-8212-d7343f4f92e0"
"primetime-master/digital-rights-management/using-the-drm-key-server/ssl-configuration.xml","22aece56-7c88-4f72-bf75-81a3c64781fe"
"primetime-master/digital-rights-management/using-the-drm-key-server/java-system-properties.xml","3ce79e37-d848-417e-9a95-919dd9833fee"
"primetime-master/digital-rights-management/using-the-drm-key-server/credentials.xml","0bff9ad2-31ee-485c-bb32-5e9a33bf0c87"
"primetime-master/digital-rights-management/using-the-drm-key-server/configuration-files.xml","def5c1a6-decd-4cb8-9bd8-9c1c81f5a3ae"
"primetime-master/digital-rights-management/using-the-drm-key-server/configuration-directory-structure.xml","043887cf-7b2c-4427-88e8-6273d8c0c3ea"
"primetime-master/digital-rights-management/using-the-drm-key-server/global-configuration-file.xml","24772316-4719-49ff-aa13-37ff5da3d036"
"primetime-master/digital-rights-management/using-the-drm-key-server/tenant-configuration-files.xml","c5d07a52-52a7-4ec3-868d-2011a89488e4"
"primetime-master/digital-rights-management/using-the-drm-key-server/log-files.xml","ae06d20c-ced4-4174-9ecd-5f4e5fd80e15"
"primetime-master/digital-rights-management/using-the-drm-key-server/starting.xml","08ccb9c8-f457-44f1-aca4-2525675f9108"
"primetime-master/digital-rights-management/using-the-drm-key-server/packaging-content.xml","366c8470-b7ef-4a39-83c2-151ba9be9a32"
"primetime-master/digital-rights-management/RBOP/introduction.xml","dd7840fc-f345-401e-be00-01c458b02ad4"
"primetime-master/digital-rights-management/RBOP/about-rbop.xml","57219331-d949-443c-88b3-6f714ab6c82e"
"primetime-master/digital-rights-management/RBOP/output-protection-concepts.xml","fc19c3c9-39a1-4b62-b763-101e5454a01f"
"primetime-master/digital-rights-management/RBOP/client-support.xml","d1d0f788-7bc1-488c-807e-be47f83725e9"
"primetime-master/digital-rights-management/RBOP/sample-output-protection-config.xml","fa5ead93-36c5-4ad1-947b-c4f1f2632d9b"
"primetime-master/digital-rights-management/RBOP/output-protection-grammar.xml","d9064e39-593a-4767-b835-287640b4c94a"
"primetime-master/digital-rights-management/RBOP/output-protection-faq.xml","7dcd337c-369a-474c-8768-409c48b5cee5"
"primetime-master/digital-rights-management/protected-streaming/introduction.xml","17cc1106-740e-43ae-8264-f917aaab7ccb"
"primetime-master/digital-rights-management/protected-streaming/about-drm-for-protected-streaming.xml","775bef19-6071-428f-80f5-57cae472753c"
"primetime-master/digital-rights-management/protected-streaming/usage-rules.xml","4a794712-db58-43f5-b867-8871e58e12ae"
"primetime-master/digital-rights-management/protected-streaming/requirements.xml","29046834-66ca-42f6-a77f-fd00bbace2ec"
"primetime-master/digital-rights-management/protected-streaming/understanding_deployment.xml","94bee8e9-0faa-4380-8f3f-bad52340b9e5"
"primetime-master/digital-rights-management/protected-streaming/deplying-drm-for-protected-streaming.xml","83ef8237-0026-4677-b42b-ea4b6de19630"
"primetime-master/digital-rights-management/protected-streaming/java-system-properties.xml","d8c72359-bf61-47e0-9cd5-b21225d5fe49"
"primetime-master/digital-rights-management/protected-streaming/drm-credentials.xml","0a85c68c-3279-40bf-92d9-e1f4fce994c0"
"primetime-master/digital-rights-management/protected-streaming/hsm-configuration.xml","3610840b-082e-4a73-8aa5-5065f9232e0b"
"primetime-master/digital-rights-management/protected-streaming/set_drm-license-server-config.xml","b3292ca1-b851-40c1-8511-e882afd17c6d"
"primetime-master/digital-rights-management/protected-streaming/drm-license-server-config-files.xml","7c7e0f76-2ced-45af-9542-99e06ec31cda"
"primetime-master/digital-rights-management/protected-streaming/drm-configuration-directory-structure.xml","90ddd205-9dc6-4be1-ab10-ac37d93192c2"
"primetime-master/digital-rights-management/protected-streaming/drm-global-configuration-file.xml","294d6cff-be07-4b4b-8aa6-943044a1c56f"
"primetime-master/digital-rights-management/protected-streaming/drm-tenant-configuration-file.xml","bc9ee4a1-63b6-4362-9929-3e9fe8251075"
"primetime-master/digital-rights-management/protected-streaming/drm-crossdomain-policy-file.xml","e0ca3133-c924-4cb7-bc46-23f8692679b9"
"primetime-master/digital-rights-management/protected-streaming/custom-authorization-extensions.xml","588b05e5-3402-4586-bbd4-58b7e9a58ee4"
"primetime-master/digital-rights-management/protected-streaming/performance-tuning.xml","5ece0e24-e3d1-4839-901a-37754a8828b4"
"primetime-master/digital-rights-management/protected-streaming/global-configuration-file.xml","254925b5-d441-4a35-ad6f-f99db5de7591"
"primetime-master/digital-rights-management/protected-streaming/upgrading-the-license-server.xml","5c507ae3-d1d9-40ad-ba97-501ec92b45dc"
"primetime-master/digital-rights-management/protected-streaming/setting-the-license-server.xml","da878dce-bcf4-4584-9099-4adee1e0e3d1"
"primetime-master/digital-rights-management/protected-streaming/running-the-license-server.xml","9bbe211d-268b-43c2-9e55-7ce62de40d30"
"primetime-master/digital-rights-management/protected-streaming/log-files.xml","4498fe60-65af-4f99-8f9b-e85013d0c9e9"
"primetime-master/digital-rights-management/protected-streaming/updating-configuration-files.xml","34b3247c-3458-49de-b1b0-dc0ebbf61c88"
"primetime-master/digital-rights-management/protected-streaming/packaging-content.xml","2e47a9a2-bbc6-4995-8ce5-6ca6b116349b"
"primetime-master/digital-rights-management/protected-streaming/drm-for-protected-streaming-utilities.xml","3bf3ca54-225e-4cdf-bd2c-ec09afddfee2"
"primetime-master/digital-rights-management/protected-streaming/configuration-validator.xml","7b44919a-0319-4675-95e2-ad1ad72ec0cb"
"primetime-master/digital-rights-management/protected-streaming/password-scrambler.xml","56df0f49-f3fd-464d-b4ba-25e1b497158a"
"primetime-master/digital-rights-management/protected-streaming/swf-hash-calculator.xml","0cf972c1-4717-4d78-a594-b27178ece512"
"primetime-master/digital-rights-management/aaxs-protected-streaming/about-aaxs-protect-stream.xml","a02a98ad-bb1a-4c1f-931d-412945561a8c"
"primetime-master/digital-rights-management/aaxs-protected-streaming/usage-rules.xml","361d07b9-e4c8-47ab-8c45-a1de98c9fed7"
"primetime-master/digital-rights-management/aaxs-protected-streaming/requirements.xml","a5a13187-be20-4feb-ad9e-5ebd81b7e5a3"
"primetime-master/digital-rights-management/aaxs-protected-streaming/deplying-aaxs-protect-stream.xml","fef6bfbf-1181-4948-9001-40d5812a5d2d"
"primetime-master/digital-rights-management/aaxs-protected-streaming/deplying-aaxs-protect-stream-overview.xml","48a7e452-520a-4ff8-97e9-11210221256d"
"primetime-master/digital-rights-management/aaxs-protected-streaming/java-system-properties.xml","ad1f3d9b-7d95-4e19-a0f8-fd7d4dd4dc32"
"primetime-master/digital-rights-management/aaxs-protected-streaming/aaxs-credentials.xml","d28b0236-1a16-4df0-896c-afb0c54323e5"
"primetime-master/digital-rights-management/aaxs-protected-streaming/hsm-configuration.xml","da4d7118-65a8-460d-a796-b7bf5c28b208"
"primetime-master/digital-rights-management/aaxs-protected-streaming/aaxs-license-server-config-files.xml","6badbfb3-1e4b-46ba-81fd-8fe8ed719e9d"
"primetime-master/digital-rights-management/aaxs-protected-streaming/aaxs-configuration-directory-structure.xml","c6cfc734-6b7c-4502-9bdb-c7aaca156e0e"
"primetime-master/digital-rights-management/aaxs-protected-streaming/aaxs-global-configuration-file.xml","10370bc0-36ab-4e43-9e75-c46a7177874c"
"primetime-master/digital-rights-management/aaxs-protected-streaming/aaxs-tenant-configuration-file.xml","6e5c82c9-b8f5-4fca-8325-a884b2c779f7"
"primetime-master/digital-rights-management/aaxs-protected-streaming/aaxs-crossdomain-policy-file.xml","e1a1b700-c5f9-4ad1-a705-75805a18682b"
"primetime-master/digital-rights-management/aaxs-protected-streaming/custom-authorization-extensions.xml","fb40db6f-30aa-46e3-9eeb-faff3cfedab1"
"primetime-master/digital-rights-management/aaxs-protected-streaming/performance-tuning.xml","27589343-361a-4e72-b547-1ce0af087509"
"primetime-master/digital-rights-management/aaxs-protected-streaming/global-configuration-file.xml","48c45f56-55c2-4526-b854-5552caf21541"
"primetime-master/digital-rights-management/aaxs-protected-streaming/upgrading-the-license-server.xml","ddd17d50-19a6-4fd8-bb7c-85292c4a797a"
"primetime-master/digital-rights-management/aaxs-protected-streaming/running-the-license-server.xml","3819500d-ad2f-49eb-8aa4-e50a55461608"
"primetime-master/digital-rights-management/aaxs-protected-streaming/log-files.xml","90450f27-ed2f-4b67-953b-0546910deebf"
"primetime-master/digital-rights-management/aaxs-protected-streaming/log-directory-structure.xml","230c6a97-1bdc-47b7-9cd9-3ebeea1c3906"
"primetime-master/digital-rights-management/aaxs-protected-streaming/global-log-file.xml","e43844e7-92d9-45d4-b8b0-e5d7328a4963"
"primetime-master/digital-rights-management/aaxs-protected-streaming/partition-log-file.xml","ad8e4f39-88c9-416a-bc01-cf18d0373c15"
"primetime-master/digital-rights-management/aaxs-protected-streaming/tenant-log-file.xml","9637c72a-b90e-442a-be3c-d6875275c28b"
"primetime-master/digital-rights-management/aaxs-protected-streaming/updating-configuration-files.xml","4bc8ef0b-1fb8-4855-b3e6-96ce4663a36c"
"primetime-master/digital-rights-management/aaxs-protected-streaming/updating-configuration-files-overview.xml","e9be21cf-ad23-4ed6-8bef-f194bc1fd749"
"primetime-master/digital-rights-management/aaxs-protected-streaming/updating-global-configuration.xml","f733550c-46c0-49c2-8fd1-15906f7d7b22"
"primetime-master/digital-rights-management/aaxs-protected-streaming/updating-tenant-configuration.xml","b6cb43e2-b9a5-40bf-879a-010fcc3d5935"
"primetime-master/digital-rights-management/aaxs-protected-streaming/packaging-content.xml","5d1d4b9d-f241-4291-9577-e9de5a8b92be"
"primetime-master/digital-rights-management/aaxs-protected-streaming/aaxs-protected-streaming-utilities.xml","85e268b6-4621-4cdd-b654-e8dcd180958a"
"primetime-master/digital-rights-management/aaxs-protected-streaming/configuration-validator.xml","60ebd35c-290a-4f08-9bd0-178903857149"
"primetime-master/digital-rights-management/aaxs-protected-streaming/password-scrambler.xml","e488babc-cd50-41b9-acb8-490e8e42e8bc"
"primetime-master/digital-rights-management/aaxs-protected-streaming/swf-hash-calculator.xml","c1823208-92d9-47c5-b550-f9cc370b543d"
"primetime-master/digital-rights-management/certificate-enrollment-guide/title-page.xml","7d2f0a1b-a169-453e-9f08-b6a9fdff240f"
"primetime-master/digital-rights-management/certificate-enrollment-guide/about-certs.xml","0b7818b4-bd6a-4f2e-94c2-565e0d735bf8"
"primetime-master/digital-rights-management/certificate-enrollment-guide/prerequisites.xml","59a51ef8-ab54-4254-a160-2a8103a920b2"
"primetime-master/digital-rights-management/certificate-enrollment-guide/about-cert-enrollment.xml","100776c2-6622-4b94-bc9b-5d4a04fd3260"
"primetime-master/digital-rights-management/certificate-enrollment-guide/add-requesters.xml","1b3b4895-1ece-4794-b0cc-10bbdcc37438"
"primetime-master/digital-rights-management/certificate-enrollment-guide/add-secondary-admin.xml","2a360226-2fcb-432f-bdeb-3fa9ef0019ee"
"primetime-master/digital-rights-management/certificate-enrollment-guide/request-certs.xml","0cadd605-f19a-416f-9940-bf4ce6be8796"
"primetime-master/digital-rights-management/certificate-enrollment-guide/request-certs-overview.xml","3a4e79d7-1832-49d8-bcf2-a029b3729e6d"
"primetime-master/digital-rights-management/certificate-enrollment-guide/gen-cert-signing-req.xml","04abd5d2-77ac-4f89-8bea-31d389159aee"
"primetime-master/digital-rights-management/certificate-enrollment-guide/request-a-cert.xml","f0d7f65d-681d-430f-b67b-3bdceb4b6d37"
"primetime-master/digital-rights-management/certificate-enrollment-guide/approve-a-cert.xml","5b95e2e8-abe9-4aef-bcb4-9b98ba6604d1"
"primetime-master/digital-rights-management/certificate-enrollment-guide/obtain-domain-ca-certs.xml","41bbe02b-363a-47f4-9cc0-350730b6c787"
"primetime-master/digital-rights-management/certificate-enrollment-guide/deploy-certs.xml","fe650a38-58fa-485f-861b-6872108ee929"
"primetime-master/digital-rights-management/certificate-enrollment-guide/deploy-certs-overview.xml","e6413f9f-69a5-4881-bb13-47a80cf32a48"
"primetime-master/digital-rights-management/certificate-enrollment-guide/convert-files.xml","e17ee003-5ac2-4bb8-83b7-81ee8fa9ee46"
"primetime-master/digital-rights-management/certificate-enrollment-guide/deploying-certs.xml","adf72b51-be0f-49ec-83f7-152a378b04e6"
"primetime-master/digital-rights-management/certificate-enrollment-guide/storing-keys.xml","81836adf-6cb9-46f2-be2f-8a20f6685c9d"
"primetime-master/digital-rights-management/certificate-enrollment-guide/renewing-certs.xml","12a560b0-966b-424e-bfe5-22e9c10d8667"
"primetime-master/digital-rights-management/cloud-quick-start/background.xml","c7801591-a5d6-449b-bae9-fdecc6951615"
"primetime-master/digital-rights-management/cloud-quick-start/whats-included.xml","11a5b9ea-ebd2-47e0-b078-af2a3e1f7bf6"
"primetime-master/digital-rights-management/cloud-quick-start/not-supported.xml","5168d916-8dc7-4b75-9536-89a74c2b04fd"
"primetime-master/digital-rights-management/cloud-quick-start/prerequisites.xml","5c85ce72-28a9-45d8-b951-46a697e362ea"
"primetime-master/digital-rights-management/cloud-quick-start/packaging-options.xml","2649a22d-d48e-47a7-b708-ef0823872c1c"
"primetime-master/digital-rights-management/cloud-quick-start/use-offline-packager.xml","16b535a9-81b5-43bc-9e42-a64eb6649d9a"
"primetime-master/digital-rights-management/cloud-quick-start/use-third-party-encoder.xml","8649303c-b8e6-4c02-a8ad-5734af850bfe"
"primetime-master/digital-rights-management/cloud-quick-start/use-adobe-media-server.xml","272b9919-6ae4-4adb-aab5-28b1f92aa9fe"
"primetime-master/digital-rights-management/cloud-quick-start/test-packaged-content.xml","99df417a-85ce-45da-bfcf-33df2197bf5b"
"primetime-master/digital-rights-management/cloud-quick-start/triaging-errors.xml","c0e38e0e-e3b6-470c-9712-b727f975e659"
"primetime-master/digital-rights-management/cloud-quick-start/client-error-triaging.xml","44b4ab0e-5f08-44b0-bcb5-a869f6add69b"
"primetime-master/digital-rights-management/cloud-quick-start/custom-auth-ent.xml","70e516e3-84a3-4a03-8566-cad9de77d261"
"primetime-master/digital-rights-management/cloud-quick-start/custom-overview.xml","8b5e38a5-562c-4781-ac40-4b3d6cdd97fe"
"primetime-master/digital-rights-management/cloud-quick-start/overview.xml","c6ee7528-fdfa-4a56-bea2-a5e2dab6d428"
"primetime-master/digital-rights-management/cloud-quick-start/workflow_summary.xml","7bb33267-5b2d-47a4-adf3-798dc8de87f9"
"primetime-master/digital-rights-management/cloud-quick-start/policy-workflow.xml","b355fcf6-3416-440f-9b30-a155e20f9f74"
"primetime-master/digital-rights-management/cloud-quick-start/packaging-workflow.xml","ebe64ac1-aee6-436b-9ff7-7b6040d34a19"
"primetime-master/digital-rights-management/cloud-quick-start/authn-workflow.xml","3ba4b635-b195-477c-9113-d12eca1c25fb"
"primetime-master/digital-rights-management/cloud-quick-start/licensing-workflow.xml","2b2e4584-e8d7-4da4-a7ee-c0aeb4bca51d"
"primetime-master/digital-rights-management/cloud-quick-start/entitlement-req-rsp.xml","44a53be9-6a0e-4d5b-9df0-8b03fcd993e8"
"primetime-master/digital-rights-management/cloud-quick-start/error-codes.xml","7b2d0dd1-9a43-47e3-b932-a4eaf784ae7a"
"primetime-master/digital-rights-management/cloud-quick-start/build-ref-impl.xml","c9358188-e626-4f99-a02c-4928b06d6ae2"
"primetime-master/digital-rights-management/cloud-quick-start/deploy-ref-impl.xml","5ee7b066-8ae8-48ba-a3f0-8cc14b19d5c5"
"primetime-master/digital-rights-management/cloud-quick-start/configure-ssl.xml","041a106e-8b21-4018-815d-b7ea48c3de03"
"primetime-master/digital-rights-management/cloud-quick-start/primetime-authentication.xml","fa6225d6-e0e5-4fcc-ac26-4ff54f9f334a"
"primetime-master/digital-rights-management/cloud-quick-start/creating-custom-drm-policies.xml","701b51d9-6dde-4c21-bc5b-09e612582968"
"primetime-master/digital-rights-management/cloud-quick-start/creating-polices-dynamically.xml","e340fe38-543e-43a6-8abd-65fe9248a9f6"
"primetime-master/digital-rights-management/cloud-quick-start/update-existing-drm-to-cloud.xml","cfabeb06-210f-45af-b8a6-8e0b03a76103"
"primetime-master/digital-rights-management/cloud-quick-start/streaming-to-xbox360.xml","9e7db3fd-5eb2-4c9e-a809-7f6db95ac459"
"primetime-master/digital-rights-management/cloud-quick-start/set-xsts-token.xml","8995e029-deee-4e23-9cda-a50de8c4f2c0"
"primetime-master/digital-rights-management/cloud-quick-start/xsts-token-validation.xml","9647f8ee-32d6-4bed-bae2-8b36a72d04ce"
"primetime-master/digital-rights-management/cloud-quick-start/jks-for-xsts-token-validator.xml","e02b517d-0b72-4e95-92b2-09b8f785cce6"
"primetime-master/digital-rights-management/cloud-quick-start/references.xml","e01d0600-e899-4efe-b1d6-219a646b6d1b"
"primetime-master/digital-rights-management/protecting-content/introduction.xml","12d7aab8-8f50-45ea-b4f6-56508b9618e5"
"primetime-master/digital-rights-management/protecting-content/whats-new.xml","3c8da594-a231-4496-bffc-130775ecae50"
"primetime-master/digital-rights-management/protecting-content/usage-rules.xml","488ebbd0-ae26-47c7-b01d-9a5ca1978db3"
"primetime-master/digital-rights-management/protecting-content/authentication.xml","afc6f884-db91-4f1f-bed4-f80d0a00ca55"
"primetime-master/digital-rights-management/protecting-content/user-authentication.xml","19a6ee7e-9580-48bb-a3a6-ff2cedcc796a"
"primetime-master/digital-rights-management/protecting-content/time-rules-overview.xml","82e79d30-e414-41be-a441-6d5a52afc881"
"primetime-master/digital-rights-management/protecting-content/time-based-rules.xml","10b7766e-3b1a-4d8a-ba15-46976aa0847d"
"primetime-master/digital-rights-management/protecting-content/start-date.xml","2f9e4eea-167e-4e8a-aaaf-08faa609a846"
"primetime-master/digital-rights-management/protecting-content/end-date.xml","be9bbad7-5ec7-4012-ae2b-91de965cbc64"
"primetime-master/digital-rights-management/protecting-content/relative-end-date.xml","a4b12c5b-ee09-4e28-9a05-65016174e4c7"
"primetime-master/digital-rights-management/protecting-content/relative-license-caching-duration.xml","d448aa43-8cba-4b1d-8609-0dba4bb67042"
"primetime-master/digital-rights-management/protecting-content/relative-license-playback-window.xml","a06a1e28-8f14-4231-bb88-61aa7e33cace"
"primetime-master/digital-rights-management/protecting-content/synchronization.xml","594a4bb2-c042-4485-9cae-73b8f9f93d82"
"primetime-master/digital-rights-management/protecting-content/runtime-application-restrictions.xml","8c63ddb9-261d-4a4c-bd27-09f8747606e7"
"primetime-master/digital-rights-management/protecting-content/whitelist-air.xml","23dd4faf-7992-4ee9-97ce-c6004ee995c2"
"primetime-master/digital-rights-management/protecting-content/whitelist-flash.xml","670d8ccf-5145-499f-a6e3-d5d89562291e"
"primetime-master/digital-rights-management/protecting-content/blacklist-drm-clients.xml","38bc024e-0c5b-4c1c-8d4b-94b9e0fec67e"
"primetime-master/digital-rights-management/protecting-content/blacklist-app-runtimes.xml","fc3c9bd6-b1e6-4534-b29c-cd9a35b80928"
"primetime-master/digital-rights-management/protecting-content/min-sec-level-for-drm.xml","0df2a285-309d-4f49-912c-7a0562637424"
"primetime-master/digital-rights-management/protecting-content/device-capabilities.xml","1490711b-65d9-4716-8779-ae1da7d2c82c"
"primetime-master/digital-rights-management/protecting-content/jailbreak-enforcement.xml","5cf8ebbc-17de-44cc-90d2-0857ea62c4a4"
"primetime-master/digital-rights-management/protecting-content/other-policy-options.xml","b23bb201-0998-4083-853a-85f07feb7e23"
"primetime-master/digital-rights-management/protecting-content/custom-usage-rules.xml","ab2c7ac5-bd78-46bd-a7be-8a3651f24ae5"
"primetime-master/digital-rights-management/protecting-content/enhanced-license-chaining.xml","5e4e825a-de84-4ab2-a652-02cc03153957"
"primetime-master/digital-rights-management/protecting-content/multiple-play-rights.xml","90f898bf-ffa2-44f0-a01a-0af8868500ee"
"primetime-master/digital-rights-management/protecting-content/remote-key-delivery.xml","90f672e7-9301-4e14-adca-db2a8f951a83"
"primetime-master/digital-rights-management/protecting-content/domain-registration.xml","221bf6c3-0568-443d-b761-64715a57ada6"
"primetime-master/digital-rights-management/protecting-content/output-protection-controls.xml","a0518392-cd33-4ef0-834c-f90145a9b421"
"primetime-master/digital-rights-management/protecting-content/packaging-options.xml","34d8e398-b71b-4e1c-8320-021a70dc0035"
"primetime-master/digital-rights-management/protecting-content/key-rotation.xml","6ac3b828-2cd1-42df-b9ee-4daa8e553d5e"
"primetime-master/digital-rights-management/protecting-content/out-of-band-licenses.xml","43397ce5-6c52-429d-b7fa-fa8c91cf9742"
"primetime-master/digital-rights-management/protecting-content/encrypting-tracks.xml","75444553-cb55-4beb-b486-c6c615b54ca0"
"primetime-master/digital-rights-management/protecting-content/encrypting-script-data.xml","c91e5568-194e-4f20-858b-65310049901b"
"primetime-master/digital-rights-management/protecting-content/partial-encryption-level.xml","dbd9ce92-c829-4cad-9ac4-c57bd4f70345"
"primetime-master/digital-rights-management/protecting-content/initial-portion-content-clear.xml","a535a980-dfd2-4a34-830e-26dac55993c7"
"primetime-master/digital-rights-management/protecting-content/custom-metadata.xml","99bdef62-32a9-4fd0-919c-5a2594e8d17e"
"primetime-master/digital-rights-management/protecting-content/multiple-policies.xml","d1159b53-fa96-430b-aaf0-50800fb22bcb"
"primetime-master/digital-rights-management/protecting-content/setting-up-the-sdk.xml","901ae6ba-c79a-4878-814e-c4b02c7f036b"
"primetime-master/digital-rights-management/protecting-content/setup-dev-env.xml","68afefe8-7ec6-466e-89a8-bc0da8afb4c8"
"primetime-master/digital-rights-management/protecting-content/drm-credentials.xml","593a5157-5a8e-4916-9308-626e1ab8fad5"
"primetime-master/digital-rights-management/protecting-content/requesting-certs.xml","e99be9a2-1edf-4bd9-8338-84284a23ca43"
"primetime-master/digital-rights-management/protecting-content/storing-credentials.xml","a9e9db72-c921-4c28-ad1d-3fd3c2283f14"
"primetime-master/digital-rights-management/protecting-content/working-policies-overview.xml","2298ad26-9763-4a59-9bea-234ac3a1f746"
"primetime-master/digital-rights-management/protecting-content/working-with-policies.xml","32423448-013c-4183-bea8-e14b6690abdb"
"primetime-master/digital-rights-management/protecting-content/creating-policy-using-java-api.xml","1672a6d0-e38c-4330-97b0-02147f99db47"
"primetime-master/digital-rights-management/protecting-content/updating-policy-using-java-api.xml","ec21351c-900e-48f5-845a-c0b430c210d7"
"primetime-master/digital-rights-management/protecting-content/policy-criticality.xml","ddc03142-7acb-4a9f-a367-e34cfc5e78ba"
"primetime-master/digital-rights-management/protecting-content/policy-update-lists.xml","779e4df7-7d9f-4139-955a-11cfc9e0daed"
"primetime-master/digital-rights-management/protecting-content/working-with-policy-update-lists.xml","41f89671-81c6-4d3d-ac31-9c2a1980517a"
"primetime-master/digital-rights-management/protecting-content/update_policy_update_lists.xml","3f583bb2-a498-4e82-8111-5cb0c91919a6"
"primetime-master/digital-rights-management/protecting-content/packaging-media-overview.xml","b241c022-108f-418e-b318-6ea5747a299b"
"primetime-master/digital-rights-management/protecting-content/packaging-media-files.xml","9509bcdc-ee4d-4025-9bb6-9b8ac439b926"
"primetime-master/digital-rights-management/protecting-content/content-packaging-options.xml","04244428-cb42-438a-8f16-91532c70ea60"
"primetime-master/digital-rights-management/protecting-content/encrypting-content.xml","03f33473-bcd4-4e06-a823-e944897cb28e"
"primetime-master/digital-rights-management/protecting-content/examining-encrypted-file-content.xml","1b3318f6-0850-43f2-9127-c72ea81a1bdf"
"primetime-master/digital-rights-management/protecting-content/pre-generating-and-embedded-licenses.xml","1d970726-fd1f-49ce-8b18-9fb9eb9649f5"
"primetime-master/digital-rights-management/protecting-content/pre-generating-licenses.xml","aa7d5038-5a9b-40a2-a240-266622158b43"
"primetime-master/digital-rights-management/protecting-content/embedding-licenses.xml","e3d55376-07de-479c-9a53-04bc8071ced4"
"primetime-master/digital-rights-management/protecting-content/implementing-the-license-server.xml","970488db-cf4d-4c0e-8854-60c18f0d1452"
"primetime-master/digital-rights-management/protecting-content/implementing-license-overview.xml","8c62376b-b159-4297-9322-75d62947e84e"
"primetime-master/digital-rights-management/protecting-content/license-server-deployment-options.xml","732b948f-8037-423e-9f85-770d6316cbae"
"primetime-master/digital-rights-management/protecting-content/processing-drm-requests.xml","ee10504d-84f0-472a-b58a-2a87fdeedfc1"
"primetime-master/digital-rights-management/protecting-content/using-machine-ids.xml","14eee414-62f1-4a9d-84bd-689ca2271d19"
"primetime-master/digital-rights-management/protecting-content/licenses-user-authentication.xml","5cbd76b9-ff64-4a4b-8cfd-54f05c04eaa3"
"primetime-master/digital-rights-management/protecting-content/replay-protection.xml","c737998a-9c33-48b4-b741-91106697d71f"
"primetime-master/digital-rights-management/protecting-content/rollback-detection.xml","ec124bac-a1d7-45be-bf09-a99d5eec5042"
"primetime-master/digital-rights-management/protecting-content/global-server-config-data.xml","a1557b3e-9a08-4623-a62d-8ebc308eae15"
"primetime-master/digital-rights-management/protecting-content/crossdomain-policy-file.xml","cb91a85a-1825-4fd7-a25c-880cdbd5c8b8"
"primetime-master/digital-rights-management/protecting-content/handling-get-server-version-reqs.xml","6e287f58-2ad2-428a-a76a-6847d06b0fd8"
"primetime-master/digital-rights-management/protecting-content/handling-domain-registration-reqs.xml","d92db6c2-5a16-41ea-a1aa-541c59780678"
"primetime-master/digital-rights-management/protecting-content/handling-domain-de-registration-reqs.xml","80dbbb60-9005-4a3d-86bf-26cdbed86452"
"primetime-master/digital-rights-management/protecting-content/handling-license-return-reqs.xml","994df5af-476a-4ee8-b371-8900241be83d"
"primetime-master/digital-rights-management/protecting-content/handling-authentication-reqs.xml","abcb9cf6-668e-405c-9659-9ed1bcc33024"
"primetime-master/digital-rights-management/protecting-content/handling-license-reqs.xml","5c4e0d8e-d4ee-4f7d-a85e-465498d51058"
"primetime-master/digital-rights-management/protecting-content/license-handling-classes.xml","2bbf0aa1-df35-429d-84df-db357fa53e47"
"primetime-master/digital-rights-management/protecting-content/license-request-errors.xml","4563f546-77fe-4fb9-9ad8-a0689fe6fb4d"
"primetime-master/digital-rights-management/protecting-content/generating-licenses.xml","f91b0cc8-e0ed-4722-947b-22eb2bfba916"
"primetime-master/digital-rights-management/protecting-content/domian-bound-licenses.xml","706650b7-6044-4c01-9f5a-90779127c9e1"
"primetime-master/digital-rights-management/protecting-content/issuing-licenses-remote-ios.xml","739dd93d-0645-4cb1-a3e8-aa78f7ef015e"
"primetime-master/digital-rights-management/protecting-content/minimum-client-version.xml","f2b56cff-96fa-4954-a08a-9b3e78f496d6"
"primetime-master/digital-rights-management/protecting-content/license-preview.xml","3069aa16-5bf3-4af6-801c-ad823530d7eb"
"primetime-master/digital-rights-management/protecting-content/identity-based-licenses.xml","32323f59-184e-4a70-bf33-ad1c34e54fd2"
"primetime-master/digital-rights-management/protecting-content/updating-policies.xml","6f7a1432-88e4-499b-a008-6c8cf0e9c09b"
"primetime-master/digital-rights-management/protecting-content/license-chaining.xml","197d1465-2310-420b-a3ee-375c0eba3510"
"primetime-master/digital-rights-management/protecting-content/gen-enhanced-license-chaining.xml","f869b4e7-4b24-4832-94a7-b7143567ab58"
"primetime-master/digital-rights-management/protecting-content/handling-synch-reqs.xml","e2623afb-7a57-402d-a8a1-07bcf6324d41"
"primetime-master/digital-rights-management/protecting-content/handling-fmrms-compatibility.xml","3c87b4cb-e675-490a-9490-37de4578cb86"
"primetime-master/digital-rights-management/protecting-content/upgrading-clients.xml","c32ee087-2edf-4d11-be36-e2b31f3769de"
"primetime-master/digital-rights-management/protecting-content/upgrading-metadata.xml","769483e6-a2d1-46cb-afcf-557aa807037c"
"primetime-master/digital-rights-management/protecting-content/handling-cert-updates.xml","abc0ca3e-a78f-4078-9480-7116843cce05"
"primetime-master/digital-rights-management/protecting-content/performance-tuning.xml","db8889c7-ecf5-4551-a6fc-1d3ab992b9ff"
"primetime-master/digital-rights-management/protecting-content/revoking-client-creds.xml","51b84d4d-49d1-4148-bf0f-322f51015195"
"primetime-master/digital-rights-management/protecting-content/revoking-creds-overview.xml","c6f54867-d0a3-43fd-9493-6496f1b7831a"
"primetime-master/digital-rights-management/protecting-content/revoking-drm-client-and-runtime-creds.xml","8e36536a-8eed-4d27-8a5f-8d3219817e57"
"primetime-master/digital-rights-management/protecting-content/revoking-machine-creds.xml","3647c843-5f1a-457e-949d-10a6278b1c29"
"primetime-master/digital-rights-management/protecting-content/creating-video-players.xml","7727ab94-2b5d-419b-8251-8222fbc08781"
"primetime-master/digital-rights-management/drm-sdk-overview/overview.xml","d6bdd66e-02b3-48b8-9355-60238b9115a4"
"primetime-master/digital-rights-management/drm-sdk-overview/about-adobe-access.xml","4c445ccb-0a8e-490f-b840-8654fcaa106c"
"primetime-master/digital-rights-management/drm-sdk-overview/key-features.xml","bee91fd7-a335-4881-abad-8972f28630d5"
"primetime-master/digital-rights-management/drm-sdk-overview/terminology-and-core-concepts.xml","dc269873-7b63-4c18-bada-5338f4da0edd"
"primetime-master/digital-rights-management/drm-sdk-overview/content-distribution-workflow.xml","cd4cc398-0add-47fd-a731-3a5394004ac8"
"primetime-master/digital-rights-management/drm-sdk-overview/content-preparation.xml","edb633f0-b623-41ea-a52a-19017d45fb18"
"primetime-master/digital-rights-management/drm-sdk-overview/content-acquisition.xml","80253746-bc31-43f0-b28b-7a1aa7fe34a7"
"primetime-master/digital-rights-management/drm-sdk-overview/adobe-access-components.xml","c9e4b6fb-e4df-4806-b964-6e7a898d7c97"
"primetime-master/digital-rights-management/drm-sdk-overview/adobe-access-sdk.xml","e6daed27-3803-4ef7-ba25-4a180af7502f"
"primetime-master/digital-rights-management/drm-sdk-overview/java-apis-for-managing-domains.xml","952772ea-502b-4ba9-8bcf-cd3562d9f633"
"primetime-master/digital-rights-management/drm-sdk-overview/java-apis-for-protecting-content.xml","8eaf7740-227c-439d-bcd3-1c30ccf3094a"
"primetime-master/digital-rights-management/drm-sdk-overview/java-apis-for-issuing-licenses.xml","8148368c-4ec5-440c-bba6-d98ffbb37a0a"
"primetime-master/digital-rights-management/drm-sdk-overview/reference-implementation.xml","12684571-6f5f-4709-ad4b-193e17ff5383"
"primetime-master/digital-rights-management/drm-sdk-overview/protected-streaming.xml","74049b6e-668e-4d98-aa26-a1738961e173"
"primetime-master/digital-rights-management/drm-sdk-overview/adobe-flash-player.xml","838777c2-6d54-4b65-bad3-375f559a6b47"
"primetime-master/digital-rights-management/drm-sdk-overview/adobe-air.xml","fc50e34b-2d0b-4e36-b77e-870dce20dc0d"
"primetime-master/digital-rights-management/drm-sdk-overview/native-ios-and-android-apps.xml","03c4f6ba-5210-466e-a8fb-ee94d4bf3cfb"
"primetime-master/digital-rights-management/drm-sdk-overview/deploy-adobe-access.xml","141e186b-f389-44f1-b370-792b9ca94bf0"
"primetime-master/digital-rights-management/drm-sdk-overview/configure-adobe-access.xml","c14c2792-d207-4f39-b856-610520bdaa28"
"primetime-master/digital-rights-management/drm-sdk-overview/deploying-on-a-64-bit-os.xml","d98a230e-ab0e-4768-8ba7-7fd65a103d10"
"primetime-master/digital-rights-management/drm-sdk-overview/install-adobe-access-sdk.xml","eb53fabc-6332-402a-b45c-c5c2da227c38"
"primetime-master/digital-rights-management/drm-sdk-overview/install-a-license-server.xml","35647912-c87c-4e67-8cd0-32536a9c71b9"
"primetime-master/digital-rights-management/drm-sdk-overview/create-content-pkgng-policy-mgmt-tools.xml","0f95c905-5734-457c-b60a-13689b285b44"
"primetime-master/digital-rights-management/drm-sdk-overview/create-policies-and-package-content.xml","ecf9bdd8-0bd2-4616-a6e5-a46bb55d16ab"
"primetime-master/digital-rights-management/drm-sdk-overview/develop-apps-for-video-playback.xml","266b9e58-4f0c-45fc-b022-772d777f98de"
"primetime-master/digital-rights-management/drm-sdk-overview/additional-deployment-scenarios.xml","4418a3c2-6804-40fe-9e23-e4178db49d52"
"primetime-master/digital-rights-management/drm-sdk-overview/ultra-violet-media-adobe-access.xml","7076c0f9-e092-48e4-9118-8a414bd03c7a"
"primetime-master/digital-rights-management/drm-sdk-overview/adobe-pass-and-adobe-access.xml","44fe3956-efb5-4fc5-97e2-37abb6554322"
"primetime-master/digital-rights-management/drm-reference-implementations/overview.xml","f08fdb4b-aaa8-4871-bb62-1a21d5abdd8d"
"primetime-master/digital-rights-management/drm-reference-implementations/typical-scenario.xml","aafe0030-8a59-4090-aeac-76867777eaa5"
"primetime-master/digital-rights-management/drm-reference-implementations/command-line-tools.xml","9e2019d3-e118-4c72-b90e-6f1f52baa142"
"primetime-master/digital-rights-management/drm-reference-implementations/command-line-tools-overview.xml","effb6c5e-afce-4a96-8c95-041b2f183690"
"primetime-master/digital-rights-management/drm-reference-implementations/requirements.xml","62f6e7ef-f593-4184-b217-2d086fead733"
"primetime-master/digital-rights-management/drm-reference-implementations/install-command-line-tools.xml","42fe7d55-7b8e-4f44-8714-ddae6c086d6a"
"primetime-master/digital-rights-management/drm-reference-implementations/configure-command-line-tools.xml","b65f8621-54fa-4927-b2f4-d2fd60350fc1"
"primetime-master/digital-rights-management/drm-reference-implementations/configure-command-line-overview.xml","04226f33-a269-44d7-9210-f2126cc46095"
"primetime-master/digital-rights-management/drm-reference-implementations/config-file.xml","8220921f-1fe9-439c-8134-dc16c2e3601b"
"primetime-master/digital-rights-management/drm-reference-implementations/policy-manager.xml","7396f328-d364-4311-9d0f-43c48bc7c563"
"primetime-master/digital-rights-management/drm-reference-implementations/policy-manager-overview.xml","0a4a4f7a-6cf0-4cb9-a929-fc04864904af"
"primetime-master/digital-rights-management/drm-reference-implementations/policy-manager-command-line-usage.xml","9b17bc9a-0b1b-405f-a62b-0310c43c9255"
"primetime-master/digital-rights-management/drm-reference-implementations/policy-manager-config-file-properties.xml","216921d1-a9c1-4650-9dce-c025836986e5"
"primetime-master/digital-rights-management/drm-reference-implementations/non-swf-whitelisting.xml","d4f93b15-e556-4749-95ab-f7f58b1061d7"
"primetime-master/digital-rights-management/drm-reference-implementations/swf-whitelisting.xml","e3021ae9-54f4-4bcf-a274-515ae765f74b"
"primetime-master/digital-rights-management/drm-reference-implementations/media-packager.xml","c4790cbd-7bfb-475e-91e1-1c563badd32b"
"primetime-master/digital-rights-management/drm-reference-implementations/media-packager-overview.xml","f4474837-9460-479d-89c2-dd697e0fb997"
"primetime-master/digital-rights-management/drm-reference-implementations/media-packager-command-line-usage.xml","5814a465-fa49-4ed0-b5d6-c18d64167a9f"
"primetime-master/digital-rights-management/drm-reference-implementations/media-pkgr-config-file-properties.xml","814b04b0-a3cf-49fa-8f6a-06ea1adf176d"
"primetime-master/digital-rights-management/drm-reference-implementations/policy-update-list-manager.xml","230115b5-cf9f-4726-a8be-f7304a5fb7a9"
"primetime-master/digital-rights-management/drm-reference-implementations/policy-update-list-manager-overview.xml","19d05867-c210-4cd0-bc2f-5dd75f5774e5"
"primetime-master/digital-rights-management/drm-reference-implementations/policy-update-command-line-usage.xml","a5505512-e017-49ae-9a0a-72c9d3b7b368"
"primetime-master/digital-rights-management/drm-reference-implementations/policy-update-config-file-props.xml","47429c8e-0897-4956-93bb-73eebb746453"
"primetime-master/digital-rights-management/drm-reference-implementations/policy-revocation-list-manager.xml","883f0333-77f3-4889-a679-953e375cd9c8"
"primetime-master/digital-rights-management/drm-reference-implementations/policy-revocation-list-manager-overview.xml","30ab5f54-4aac-4535-b30c-b4e5dbfbc475"
"primetime-master/digital-rights-management/drm-reference-implementations/revocation-command-line-usage.xml","7bc9a947-5bce-4637-93d0-18a85de4fd64"
"primetime-master/digital-rights-management/drm-reference-implementations/revocation-config-file-props.xml","622b323f-f290-4fc4-86ee-e1f7925a4989"
"primetime-master/digital-rights-management/drm-reference-implementations/license-generator.xml","c92f163d-f3c4-4380-88f1-30c3ff07d9b1"
"primetime-master/digital-rights-management/drm-reference-implementations/license-generator-overview.xml","857390be-dd14-46c0-b8f7-2bc661c515d4"
"primetime-master/digital-rights-management/drm-reference-implementations/license-generator-command-line-usage.xml","79517cda-e8d0-45ec-9efd-845b9c6a9d1f"
"primetime-master/digital-rights-management/drm-reference-implementations/license-generator-config-file-props.xml","4e31f72e-a151-4a4b-91f8-a85476b26036"
"primetime-master/digital-rights-management/drm-reference-implementations/license-embedder.xml","da783da2-6003-4391-884b-f6c7da8488df"
"primetime-master/digital-rights-management/drm-reference-implementations/license-embedder-overview.xml","5487d1d3-7eb8-410d-a4b1-cde3e94c00a1"
"primetime-master/digital-rights-management/drm-reference-implementations/license-embedder-command-line-usage.xml","6f2cc195-ffdc-4421-a1ab-1d4e2412a8df"
"primetime-master/digital-rights-management/drm-reference-implementations/air-publisher-id-utility.xml","458ad9ae-045d-4482-8f9f-702b2161f9cf"
"primetime-master/digital-rights-management/drm-reference-implementations/air-publisher-id-utility-overview.xml","f45c6b58-53c5-41e0-be3d-590231dd214a"
"primetime-master/digital-rights-management/drm-reference-implementations/air-publisher-command-line-usage.xml","2797bb91-c57c-4855-98d5-f251a8df8db0"
"primetime-master/digital-rights-management/drm-reference-implementations/license-server-and-wfp.xml","39cb0d0f-f3dc-48e9-b6fd-6960a9ade291"
"primetime-master/digital-rights-management/drm-reference-implementations/license-server-and-wfp-reqs.xml","bdcc8637-aa70-49ef-9264-ed3359eec93b"
"primetime-master/digital-rights-management/drm-reference-implementations/impl-building-the-license-server.xml","f9418520-ba95-42fc-9d60-664428534efd"
"primetime-master/digital-rights-management/drm-reference-implementations/configuration.xml","2d5cfcd4-9332-42c8-bbad-c5b7725359ba"
"primetime-master/digital-rights-management/drm-reference-implementations/properties-file.xml","5e94ed1f-1dbf-4506-a097-183fcd5d25ef"
"primetime-master/digital-rights-management/drm-reference-implementations/config-prep-pws-for-server-props-files.xml","3e00ba9b-b692-4713-8306-5ab896461f2a"
"primetime-master/digital-rights-management/drm-reference-implementations/config-prep-pws-for-server-with-ant.xml","9419ab0d-b448-4881-9d26-35c00f0b13bc"
"primetime-master/digital-rights-management/drm-reference-implementations/config-prep-pws-for-server-with-java.xml","8a708d22-764f-4229-95ca-109482563432"
"primetime-master/digital-rights-management/drm-reference-implementations/remote-key-properties.xml","17e1b756-d106-47a7-99ae-641190693870"
"primetime-master/digital-rights-management/drm-reference-implementations/setting-up-db-jndi.xml","aa6185f2-8e9d-4b65-971a-b7534d910580"
"primetime-master/digital-rights-management/drm-reference-implementations/configure-db-jndi.xml","6d34e849-1616-46bd-ad18-4f98e6c45af7"
"primetime-master/digital-rights-management/drm-reference-implementations/hsm-config.xml","2741ac40-aa42-4aa7-9864-037f3ed3dee2"
"primetime-master/digital-rights-management/drm-reference-implementations/hsm-config-crossdomain-policy-file.xml","5e813345-2cea-4c1a-a892-dfd95b6efc22"
"primetime-master/digital-rights-management/drm-reference-implementations/deploy-a-license-server.xml","bee7ead1-ed13-4894-80f9-5196bf2f818f"
"primetime-master/digital-rights-management/drm-reference-implementations/server-and-wfp-troubleshooting.xml","06b86067-1ff6-4b4e-922f-7f968260ba19"
"primetime-master/digital-rights-management/drm-reference-implementations/server-determining-ref-started.xml","a6a034c9-b3c4-4e26-b901-d2c132c00c52"
"primetime-master/digital-rights-management/drm-reference-implementations/server-determining-ref-running.xml","afd82d6d-a11c-48ff-b48c-8f81d4b406a0"
"primetime-master/digital-rights-management/drm-reference-implementations/impl-usage-models.xml","177d688f-d146-44c4-a5cb-d6602a4ad380"
"primetime-master/digital-rights-management/drm-reference-implementations/impl-usage-models-overview.xml","5f82f603-6e2d-4c9d-a49f-7b07f30a29e4"
"primetime-master/digital-rights-management/drm-reference-implementations/enable-usage-model-demo.xml","43930ebb-e936-4f48-990d-7ad19992e326"
"primetime-master/digital-rights-management/drm-reference-implementations/config-server-for-demo-mode.xml","f818c7fc-e88f-4fa4-926e-08a1337b28d3"
"primetime-master/digital-rights-management/drm-reference-implementations/update-db.xml","2883045e-ad62-466d-94a2-fc45ded2a4f5"
"primetime-master/digital-rights-management/drm-reference-implementations/usage-model-biz-rules.xml","c55f85be-5ecb-4a78-b47d-7001ec207d3a"
"primetime-master/digital-rights-management/drm-reference-implementations/impl-domain-registration.xml","86666e3f-6c8a-42a7-a819-261e1accfd49"
"primetime-master/digital-rights-management/drm-reference-implementations/impl-domain-registration-overview.xml","578e749f-ee11-4682-9159-95a17982f3c4"
"primetime-master/digital-rights-management/drm-reference-implementations/implement-domain-based-reg.xml","4a71b2e0-d1a2-4d63-9cbd-980a292774ab"
"primetime-master/digital-rights-management/drm-reference-implementations/impl-domain-registration-id-based-domains.xml","bc13f7c2-9a20-4f80-b96f-05f7a0fcc343"
"primetime-master/digital-rights-management/drm-reference-implementations/implement-anon-domain-reg.xml","330d32fd-8c23-40f9-949b-635e5a9acc86"
"primetime-master/digital-rights-management/drm-reference-implementations/impl-domain-registration-anonymous-domains.xml","bd0e8e51-27dc-4ccf-b285-a80c2ab9e260"
"primetime-master/digital-rights-management/drm-reference-implementations/migrating-fmrms-drm.xml","49ecbbd2-d83b-4bf2-841e-c3f9e5d5e141"
"primetime-master/digital-rights-management/drm-reference-implementations/upgrading-existing-deplys.xml","1a40aae9-f639-41fa-b42d-cf8cdfcde694"
"primetime-master/digital-rights-management/drm-reference-implementations/upgrading-existing-deplys-setup-ds.xml","bf85305e-9a00-4bc0-ba36-c870979456e4"
"primetime-master/digital-rights-management/quick-start/title-page.xml","eb9625ff-e59c-411f-bcd1-c02c14f81ae5"
"primetime-master/digital-rights-management/quick-start/getting-started.xml","2002cf94-c8a7-4820-a560-6d9f7f33ee97"
"primetime-master/digital-rights-management/quick-start/prerequisites.xml","9dfca4ec-b93e-47f9-bb35-5fdaa24e8651"
"primetime-master/digital-rights-management/quick-start/obtain-certifcates.xml","dd01931b-289e-4876-9344-dd90c3c8c162"
"primetime-master/digital-rights-management/quick-start/install-tomcat.xml","f7663eda-ad18-4a6e-bb9f-01c74721b047"
"primetime-master/digital-rights-management/quick-start/setup-deploy-drm-server-ps.xml","300a1b63-0bf0-48a8-977d-212563025c19"
"primetime-master/digital-rights-management/quick-start/package-content.xml","1e271167-107d-41df-8a7c-3075cb3acc0c"
"primetime-master/digital-rights-management/quick-start/install-fp-playback-test.xml","185646e5-ebe5-4359-b8f5-edf6603051ca"
"primetime-master/digital-rights-management/quick-start/playback-locally-pkgd-video.xml","64a38c52-17f9-4108-9378-2d294b4a7c7b"
"primetime-master/digital-rights-management/quick-start/next-steps.xml","489060e8-5f5e-4fcb-a210-a0d0b797816a"
"primetime-master/digital-rights-management/multi-drm-workflows/title-page.xml","34c392a4-ea24-4819-b083-98042fdbf920"
"primetime-master/digital-rights-management/multi-drm-workflows/overview.xml","1705a338-baeb-4fcd-ae16-08963da55ab8"
"primetime-master/digital-rights-management/multi-drm-workflows/quick-start.xml","9e0e3c3d-1d28-49a1-8239-7a0743a28da0"
"primetime-master/digital-rights-management/multi-drm-workflows/quick-overview.xml","57397454-042b-4f11-a1b2-8e7f6ab041d4"
"primetime-master/digital-rights-management/multi-drm-workflows/get_provisioned.xml","51b95676-2121-4d8b-8756-9fd097185a13"
"primetime-master/digital-rights-management/multi-drm-workflows/keys-ids-and-authenticators.xml","9e5b1a64-b4e9-442f-ac15-26831aaf585d"
"primetime-master/digital-rights-management/multi-drm-workflows/package-your-content.xml","b9bc6104-a1ea-4ea0-a0a4-af8a606e5d47"
"primetime-master/digital-rights-management/multi-drm-workflows/what-about-policies.xml","2d2672ce-5ed4-4868-aa5e-0a9e21a809b3"
"primetime-master/digital-rights-management/multi-drm-workflows/handle-the-licensing.xml","9f433d62-5609-4d88-95fd-c1e7c0f6aa75"
"primetime-master/digital-rights-management/multi-drm-workflows/playback-protected-content.xml","84f73ee7-43d0-481c-a5e7-14f92169323c"
"primetime-master/digital-rights-management/multi-drm-workflows/troubleshoot-quickstart.xml","42256aa0-2efc-4602-aefc-3bab2dc58ec0"
"primetime-master/digital-rights-management/multi-drm-workflows/p_l_and_p.xml","a1c09288-0742-4b52-b9f7-612961896a4d"
"primetime-master/digital-rights-management/multi-drm-workflows/fairplay-workflow.xml","cd940a70-400c-435e-8322-55bd624164e1"
"primetime-master/digital-rights-management/multi-drm-workflows/enable-expressplay-for-fairplay.xml","0fa8e857-88e2-413d-b086-27c9a5461e9c"
"primetime-master/digital-rights-management/multi-drm-workflows/package-for-fairplay.xml","92850da0-256c-4046-aa04-b4fe3034731a"
"primetime-master/digital-rights-management/multi-drm-workflows/setting-policies-fairplay.xml","a956bf61-d2ef-4b69-aa3f-91a398f1c7b5"
"primetime-master/digital-rights-management/multi-drm-workflows/licensing-fairplay.xml","8b37bf3b-ba9f-42b3-bbb3-1c089f86ed5c"
"primetime-master/digital-rights-management/multi-drm-workflows/widevine-workflow.xml","295a7024-353c-4ff5-a46a-927020834322"
"primetime-master/digital-rights-management/multi-drm-workflows/package-for-widevine.xml","d7037150-af38-4f28-b1f3-3c2e43c54313"
"primetime-master/digital-rights-management/multi-drm-workflows/package-for-widevine-with-bento.xml","88323a4e-d0b5-4a41-acec-7126d3e0c90b"
"primetime-master/digital-rights-management/multi-drm-workflows/package-for-widevine-with-aop.xml","d0676147-c20f-49ea-93a6-9c8dbbbba992"
"primetime-master/digital-rights-management/multi-drm-workflows/setting-policies-widevine.xml","f00d2a97-0036-41a6-ab44-391cc40b146e"
"primetime-master/digital-rights-management/multi-drm-workflows/licensing-widevine-client-key-request.xml","246572dd-dfb1-45ba-8a63-3fda11e653d8"
"primetime-master/digital-rights-management/multi-drm-workflows/licensing-widevine-client-key-overview.xml","2f01f0ae-adbf-42fa-a908-4b5b9410a26d"
"primetime-master/digital-rights-management/multi-drm-workflows/licensing-widevine-client-key-expressplay-tokens.xml","6103e1b2-127d-4758-a589-15f0f3c73db1"
"primetime-master/digital-rights-management/multi-drm-workflows/licensing-widevine-client-key-android-psdk.xml","575163de-0f96-434d-a3ff-7e114caf72de"
"primetime-master/digital-rights-management/multi-drm-workflows/licensing-widevine-client-key-html5-tvsdk.xml","a1f50eba-4301-49a1-b2e5-9add6687cff8"
"primetime-master/digital-rights-management/multi-drm-workflows/licensing-widevine-client-device-binding.xml","351fa33c-4226-4ed5-829c-56b563166fec"
"primetime-master/digital-rights-management/multi-drm-workflows/generic-workflows.xml","2edd3413-73c2-4a94-b39f-70aab11d0d4b"
"primetime-master/digital-rights-management/multi-drm-workflows/plp_1.xml","e54a0e4d-c8ea-46d4-b1b0-bed8a680f8f5"
"primetime-master/digital-rights-management/multi-drm-workflows/package-and-play.xml","0d2f5a8d-15c4-42ba-acb8-1dc8d5bc62de"
"primetime-master/digital-rights-management/multi-drm-workflows/feature_topics.xml","f83c9021-34ed-4f87-9203-57e899d0f2be"
"primetime-master/digital-rights-management/multi-drm-workflows/sees-reference-server.xml","99e42f76-7730-42fc-a9a9-f6396ac12c02"
"primetime-master/digital-rights-management/multi-drm-workflows/sees-reference-server-time-entitlement.xml","dd937299-a271-49a9-9b26-eec16f1484df"
"primetime-master/digital-rights-management/multi-drm-workflows/sees-reference-server-binding-entitlement.xml","22ce2f8e-1758-4528-8caf-60d209839afe"
"primetime-master/digital-rights-management/multi-drm-workflows/sees-reference-server-public-api.xml","f3a17d61-04ee-4bdb-9d64-a98066c6d1c8"
"primetime-master/digital-rights-management/multi-drm-workflows/license-token-req-resp-ref.xml","317291f7-052a-4188-9b2b-c13a6ec7f2f5"
"primetime-master/digital-rights-management/multi-drm-workflows/license-req-resp-overview.xml","50d67b55-4683-4dac-9928-b8ec165ad6d8"
"primetime-master/digital-rights-management/multi-drm-workflows/fairplay-license-token-request.xml","10d4a760-8895-4fb3-8288-1c3a640df587"
"primetime-master/digital-rights-management/multi-drm-workflows/playready-license-token-request.xml","20ebd582-ebb9-4716-8c1e-df3e58d6ec14"
"primetime-master/digital-rights-management/multi-drm-workflows/widevine-license-token-request.xml","a3522422-7075-49a7-bc55-137ef84ee430"
"primetime-master/digital-rights-management/multi-drm-workflows/access-vs-multi.xml","3e33ca9a-867e-46b8-bf88-8dbfe14ff786"
"primetime-master/digital-rights-management/multi-drm-workflows/glossary.xml","dae17c66-96a8-4210-87c9-d3a4befaeae8"
"primetime-master/digital-rights-management/multi-drm-workflows/glossary-cek.dita","2d927ae8-4c4b-4b64-88b8-9c86430e226c"
"primetime-master/digital-rights-management/multi-drm-workflows/glossary-ceksid.xml","a03d9753-0133-4d37-8136-cad6c78645e4"
"primetime-master/digital-rights-management/aaxs-protecting-content/content-introduction.xml","aa6b46bc-7575-4762-bada-a177bc82be49"
"primetime-master/digital-rights-management/aaxs-protecting-content/content-whats-new.xml","874c175b-8207-49fa-aad4-204ccbee9c2c"
"primetime-master/digital-rights-management/aaxs-protecting-content/content-usage-rules.xml","ed4f7f8e-53e8-40bd-9745-c7be411e3325"
"primetime-master/digital-rights-management/aaxs-protecting-content/content-authentication.xml","b928615b-dbc9-4ae3-b9a1-c8ea8d57fe40"
"primetime-master/digital-rights-management/aaxs-protecting-content/content-user-authentication.xml","0b93eb36-fec9-46ee-81e1-28770b978542"
"primetime-master/digital-rights-management/aaxs-protecting-content/content-time-based-rules.xml","9738d6f8-d094-474a-a597-172053b20017"
"primetime-master/digital-rights-management/aaxs-protecting-content/content-time-based-rules-defining.xml","17c69869-ac81-4561-9fb6-b1c5c9c4006d"
"primetime-master/digital-rights-management/aaxs-protecting-content/content-start-date.xml","1fc492d2-a0ba-4496-b4a4-d3a8ee1293b3"
"primetime-master/digital-rights-management/aaxs-protecting-content/content-end-date.xml","f95ddeff-3c9d-476a-ae23-044ae9af039f"
"primetime-master/digital-rights-management/aaxs-protecting-content/content-relative-end-date.xml","3847d6f3-b6ef-4943-8fd1-d692eb9ee153"
"primetime-master/digital-rights-management/aaxs-protecting-content/content-relative-license-caching-duration.xml","378940a2-f072-478d-bee1-05ccba888b5c"
"primetime-master/digital-rights-management/aaxs-protecting-content/content-relative-license-playback-window.xml","be3b1430-e522-442e-85ca-5a2f78b60130"
"primetime-master/digital-rights-management/aaxs-protecting-content/requirements-for-synchronization.xml","976a0ae1-bece-437e-b95b-6cd222525d13"
"primetime-master/digital-rights-management/aaxs-protecting-content/content-runtime-application-restrictions.xml","a64d02b0-c869-48e0-b0e0-ec28c6e96219"
"primetime-master/digital-rights-management/aaxs-protecting-content/content-whitelist-air.xml","3b1f938c-5c76-459e-a918-dfbec0fc2ff9"
"primetime-master/digital-rights-management/aaxs-protecting-content/content-whitelist-flash.xml","482bfbed-7ef9-48d9-b399-d23fddabc81e"
"primetime-master/digital-rights-management/aaxs-protecting-content/content-blacklist-drm-clients.xml","c05aa6f8-32d9-42aa-a9c5-0d0629d49778"
"primetime-master/digital-rights-management/aaxs-protecting-content/content-blacklist-app-runtimes.xml","462a2c09-b335-4768-bd0e-1359db169d69"
"primetime-master/digital-rights-management/aaxs-protecting-content/content-min-sec-level-for-drm.xml","b5f52ea4-b417-4643-9b3e-0d20e631df9b"
"primetime-master/digital-rights-management/aaxs-protecting-content/content-device-capabilities.xml","16ed73d9-e02f-4c86-bf15-2d3e7122bf5a"
"primetime-master/digital-rights-management/aaxs-protecting-content/content-jailbreak-enforcement.xml","12be7499-c359-406f-ace9-a4aad9e00207"
"primetime-master/digital-rights-management/aaxs-protecting-content/content-other-policy-options.xml","e1b5151b-ea49-4ba6-a943-6062f03b89da"
"primetime-master/digital-rights-management/aaxs-protecting-content/content-custom-usage-rules.xml","77293e49-5980-4c4f-99bc-575e9be80739"
"primetime-master/digital-rights-management/aaxs-protecting-content/content-enhanced-license-chaining.xml","d11b0631-5dfb-42b8-b7ba-cfeb1da488be"
"primetime-master/digital-rights-management/aaxs-protecting-content/content-multiple-play-rights.xml","3386be38-4640-424a-9cb2-b95b2ab52c66"
"primetime-master/digital-rights-management/aaxs-protecting-content/content-remote-key-delivery.xml","3c20b1d1-f842-438a-ae3a-4ec31da306ad"
"primetime-master/digital-rights-management/aaxs-protecting-content/content-domain-registration.xml","fd559175-2c3c-4d71-bfa1-8de9907d2b7c"
"primetime-master/digital-rights-management/aaxs-protecting-content/output-protection.xml","d7d78ee6-4c56-4cc5-b2aa-358f890d96a0"
"primetime-master/digital-rights-management/aaxs-protecting-content/output-protection-controls.xml","1f4cc617-7f14-4952-8e61-6acbdf01d10e"
"primetime-master/digital-rights-management/aaxs-protecting-content/packaging-options.xml","fcfd5c3e-95e1-4adc-ad52-4660f2bdd0c7"
"primetime-master/digital-rights-management/aaxs-protecting-content/content-key-rotation.xml","6ee47c06-9981-4281-b10b-343f8b1e55b7"
"primetime-master/digital-rights-management/aaxs-protecting-content/content-out-of-band-licenses.xml","7f029eb7-a2a5-4cee-a27c-7e222a00d3b3"
"primetime-master/digital-rights-management/aaxs-protecting-content/content-encrypting-tracks.xml","cbb852e1-6487-43f4-86c8-981780feb667"
"primetime-master/digital-rights-management/aaxs-protecting-content/content-encrypting-script-data.xml","7cf67866-5668-4ed8-a051-c00b29b7df18"
"primetime-master/digital-rights-management/aaxs-protecting-content/content-partial-encryption-level.xml","462ca2d0-0d37-43a8-b8a0-8a25ecf73ce1"
"primetime-master/digital-rights-management/aaxs-protecting-content/content-initial-portion-content-clear.xml","97c4df2d-c019-468b-93a7-e93942caa042"
"primetime-master/digital-rights-management/aaxs-protecting-content/content-custom-metadata.xml","9433fd74-730d-4306-8ff3-a6857745a039"
"primetime-master/digital-rights-management/aaxs-protecting-content/content-multiple-policies.xml","44dbc475-6fe0-40cf-8cb6-f2607945b2ef"
"primetime-master/digital-rights-management/aaxs-protecting-content/content-setting-up-the-sdk.xml","2ecd4f2e-ae89-4f7a-af72-54a7fb31b9b4"
"primetime-master/digital-rights-management/aaxs-protecting-content/content-setting-up-the-dev-env.xml","1f192783-9c9a-4342-909a-4881248a85ad"
"primetime-master/digital-rights-management/aaxs-protecting-content/content-aaxs-credentials.xml","22264bd0-f7df-43ff-a6e1-ad060cbc02ff"
"primetime-master/digital-rights-management/aaxs-protecting-content/content-requesting-certs.xml","dc38732b-c8e3-40aa-a145-4ecc21535628"
"primetime-master/digital-rights-management/aaxs-protecting-content/content-storing-credentials.xml","dbce523c-32d9-423f-bc95-39786f85fc29"
"primetime-master/digital-rights-management/aaxs-protecting-content/content-working-with-policies.xml","c9e2d276-d261-4253-9e77-14c78aa36403"
"primetime-master/digital-rights-management/aaxs-protecting-content/content-working-with-policies-overview.xml","7363d241-6947-4a9c-80e5-e50be71066b9"
"primetime-master/digital-rights-management/aaxs-protecting-content/content-creating-policy-using-java-api.xml","c653548d-4abf-46b9-8669-d68b966da359"
"primetime-master/digital-rights-management/aaxs-protecting-content/content-updating-policy-using-java-api.xml","23c50f05-799e-4f5a-869b-4b5e29a36ce1"
"primetime-master/digital-rights-management/aaxs-protecting-content/content-policy-criticality.xml","076f386e-ba58-4507-92a3-a190126c881e"
"primetime-master/digital-rights-management/aaxs-protecting-content/protecting-content-policy-update-lists.xml","83cf0d14-bc55-4714-aa87-0fc6f1235a93"
"primetime-master/digital-rights-management/aaxs-protecting-content/content-working-with-policy-update-lists.xml","583abb31-5c80-43f2-bc3d-a2300f61c4ea"
"primetime-master/digital-rights-management/aaxs-protecting-content/content-packaging-media-files.xml","ca1c34d6-5722-49eb-8e16-1ea13458491e"
"primetime-master/digital-rights-management/aaxs-protecting-content/content-packaging-media-files-overview.xml","11cf1f1f-a4b2-4ac2-aae7-e925d96729d2"
"primetime-master/digital-rights-management/aaxs-protecting-content/content-encrypting-content.xml","ea71154e-557b-447e-bc14-208232f00be1"
"primetime-master/digital-rights-management/aaxs-protecting-content/content-examining-encrypted-file-content.xml","2132fac7-5f11-4308-b511-ed4f216527a6"
"primetime-master/digital-rights-management/aaxs-protecting-content/content-pre-generating-and-embedded-licenses.xml","ca6e562f-ad03-4a04-9700-cb7ea0709ce2"
"primetime-master/digital-rights-management/aaxs-protecting-content/content-pre-generating-embedded-licenses-overview.xml","e60a157a-90f2-4f6d-8329-6a565c4134aa"
"primetime-master/digital-rights-management/aaxs-protecting-content/content-pre-generating-licenses.xml","31430753-11f1-4ce5-b402-cf4279119a05"
"primetime-master/digital-rights-management/aaxs-protecting-content/content-embedding-licenses.xml","b8d8ee9b-7430-4899-9caf-47d6b64021b8"
"primetime-master/digital-rights-management/aaxs-protecting-content/content-implementing-the-license-server.xml","309796de-468c-43bd-8474-a3a366190cad"
"primetime-master/digital-rights-management/aaxs-protecting-content/content-implementing-license-server-overview.xml","f4ae10ca-6e2a-4313-80a0-4c7377dba000"
"primetime-master/digital-rights-management/aaxs-protecting-content/content-license-server-deployment-options.xml","297c587f-23e2-4bb5-911b-72d7b82370f4"
"primetime-master/digital-rights-management/aaxs-protecting-content/content-processing-aaxs-requests.xml","b486f728-d4f8-4285-ae16-35c4e201d4d1"
"primetime-master/digital-rights-management/aaxs-protecting-content/content-processing-aaxs-requests-overview.xml","870c32f5-1119-4fec-abed-25e51dd1ebe3"
"primetime-master/digital-rights-management/aaxs-protecting-content/content-using-machine-ids.xml","2832c158-fade-4bbf-ae89-f95ce9dfc369"
"primetime-master/digital-rights-management/aaxs-protecting-content/content-licenses-user-authentication.xml","191964eb-cd68-47a6-8214-aec01f993df4"
"primetime-master/digital-rights-management/aaxs-protecting-content/content-replay-protection.xml","75f2be65-b2fc-428a-b853-34a4b30960ce"
"primetime-master/digital-rights-management/aaxs-protecting-content/content-rollback-detection.xml","cc554194-2848-4104-85eb-f697a86c72f2"
"primetime-master/digital-rights-management/aaxs-protecting-content/content-global-server-config-data.xml","f6d6cb01-2645-4cd2-83ec-0272323a67cd"
"primetime-master/digital-rights-management/aaxs-protecting-content/content-crossdomain-policy-file.xml","fc05aa5e-6fbd-445f-a22a-f795d5a0b3ad"
"primetime-master/digital-rights-management/aaxs-protecting-content/content-handling-get-server-version-reqs.xml","a3084faa-cf3d-45cc-a244-298308c4cf15"
"primetime-master/digital-rights-management/aaxs-protecting-content/content-handling-domain-registration-reqs.xml","e0cef9c4-b2d1-4bec-8dce-50452bc826fb"
"primetime-master/digital-rights-management/aaxs-protecting-content/content-handling-domain-de-registration-reqs.xml","6f056b2b-374d-4e4d-926a-68605b2c923b"
"primetime-master/digital-rights-management/aaxs-protecting-content/content-handling-license-return-reqs.xml","d184faea-88cb-44f3-a253-e5314d577f17"
"primetime-master/digital-rights-management/aaxs-protecting-content/content-handling-authentication-reqs.xml","036582d4-611c-4772-b247-81a3144fd5d6"
"primetime-master/digital-rights-management/aaxs-protecting-content/content-handling-license-reqs.xml","cd8f4b24-8106-41e8-97a1-39ef26fa3aee"
"primetime-master/digital-rights-management/aaxs-protecting-content/content-handling-license-reqs-overview.xml","d3bfa65b-2360-4843-b59e-71451fa62a2c"
"primetime-master/digital-rights-management/aaxs-protecting-content/content-generating-licenses.xml","242d5567-f609-4781-a8a6-2f3d78471344"
"primetime-master/digital-rights-management/aaxs-protecting-content/content-license-chaining.xml","dcc12663-ef9e-4c73-b837-66fcec39358b"
"primetime-master/digital-rights-management/aaxs-protecting-content/content-gen-enhanced-license-chaining.xml","dc0e0a46-d3cd-44e8-a45d-3e22787be44e"
"primetime-master/digital-rights-management/aaxs-protecting-content/content-domian-bound-licenses.xml","175d3b7d-d1df-44ee-85ad-a0db4a1bdb9d"
"primetime-master/digital-rights-management/aaxs-protecting-content/content-issuing-licenses-remote-ios.xml","43d88426-209f-4d31-a810-ea8d75f31da9"
"primetime-master/digital-rights-management/aaxs-protecting-content/content-minimum-client-version.xml","9f39e4e7-64eb-43ea-b194-b744838a411e"
"primetime-master/digital-rights-management/aaxs-protecting-content/content-license-preview.xml","3171647d-1437-48ab-9659-3eb363993618"
"primetime-master/digital-rights-management/aaxs-protecting-content/content-identity-based-licenses.xml","3340833c-404a-4647-86b9-6f67ca354f58"
"primetime-master/digital-rights-management/aaxs-protecting-content/content-updating-policies.xml","f6686c8b-bedf-4ec5-a14e-f03326519f89"
"primetime-master/digital-rights-management/aaxs-protecting-content/content-handling-synch-reqs.xml","37b2db09-4c09-4216-874b-b570a84569b6"
"primetime-master/digital-rights-management/aaxs-protecting-content/content-handling-fmrms-compatibility.xml","aad52ca8-5982-4f44-9c7b-dd7b4ada3741"
"primetime-master/digital-rights-management/aaxs-protecting-content/content-handling-fmrms-compatibility-overview.xml","c8d36281-cb20-4716-a58c-209e012a69bd"
"primetime-master/digital-rights-management/aaxs-protecting-content/content-upgrading-clients.xml","9c9bc7da-2a97-4659-945a-554d778d30a3"
"primetime-master/digital-rights-management/aaxs-protecting-content/content-upgrading-metadata.xml","cad0b23e-50ca-47ae-871f-be571cb00a26"
"primetime-master/digital-rights-management/aaxs-protecting-content/content-handling-cert-updates.xml","5151ef15-daf6-4fb3-bf83-25ebac1d003b"
"primetime-master/digital-rights-management/aaxs-protecting-content/content-performance-tuning.xml","bb5321a0-48ef-49cb-aaf0-00d7ab9562fe"
"primetime-master/digital-rights-management/aaxs-protecting-content/content-generating-random-nos.xml","3ea25c48-1dbe-4039-8091-36c289702f78"
"primetime-master/digital-rights-management/aaxs-protecting-content/content-revoking-client-creds.xml","ce438a7d-a7e1-4593-b5d4-069523df258e"
"primetime-master/digital-rights-management/aaxs-protecting-content/content-revoking-client-creds-overview.xml","47f1ec1a-bd8f-4f8c-bee3-bfbf6d9902e7"
"primetime-master/digital-rights-management/aaxs-protecting-content/content-revoking-drm-client-and-runtime-creds.xml","774b8ac7-51bb-42fc-a05d-cfa718e24a81"
"primetime-master/digital-rights-management/aaxs-protecting-content/content-revoking-machine-creds.xml","16119ff9-8147-4fe0-9744-a705d94a9400"
"primetime-master/digital-rights-management/aaxs-protecting-content/content-creating-video-players.xml","86dfff87-1dbd-40b7-936b-61e77c40270c"
"primetime-master/digital-rights-management/aaxs-reference-implementations/overview.xml","4009b6d1-b315-4117-8c26-c2f6ee0cefc2"
"primetime-master/digital-rights-management/aaxs-reference-implementations/command-line-tools.xml","7c160a50-93b1-4aa1-8929-9cb110634c52"
"primetime-master/digital-rights-management/aaxs-reference-implementations/aaxs-ref-impl-command-line-overview.xml","2c740521-2004-4320-88e1-118b84e80e31"
"primetime-master/digital-rights-management/aaxs-reference-implementations/requirements.xml","4112aab9-cfc2-49af-99fe-bd7d572eb6fc"
"primetime-master/digital-rights-management/aaxs-reference-implementations/config-file.xml","c2376f7b-56a7-46f3-9693-10cfbb762a91"
"primetime-master/digital-rights-management/aaxs-reference-implementations/installing-the-command-line-tools.xml","29feea31-9b5c-4bc7-87f7-e857108c6056"
"primetime-master/digital-rights-management/aaxs-reference-implementations/policy-manager.xml","a8b20ff3-766d-47fe-948b-7fbb25006af0"
"primetime-master/digital-rights-management/aaxs-reference-implementations/using-aaxs-policy-manager.xml","729aa6bc-8851-40e3-8b86-629a4786575b"
"primetime-master/digital-rights-management/aaxs-reference-implementations/config-file-properties.xml","aec5fee7-4d77-4299-8d85-3e9042b2bbd1"
"primetime-master/digital-rights-management/aaxs-reference-implementations/command-line-usage.xml","e549a98e-b027-4472-8860-6aa1d56d4a8b"
"primetime-master/digital-rights-management/aaxs-reference-implementations/media-packager.xml","97ebfb08-3666-4c57-a4e0-01322bbfd7b9"
"primetime-master/digital-rights-management/aaxs-reference-implementations/using-aaxs-media-packager.xml","e5f8a3cf-b43d-437f-85a2-52d3ba4961d0"
"primetime-master/digital-rights-management/aaxs-reference-implementations/media-packager-config-file-props.xml","f0d36240-e5fa-4bf9-9a82-7e963d03cdd0"
"primetime-master/digital-rights-management/aaxs-reference-implementations/media-packager-command-line-usage.xml","5f24f18d-09ef-400a-9404-50a9fcf4316d"
"primetime-master/digital-rights-management/aaxs-reference-implementations/policy-update-list-manager.xml","9c393f75-f63b-411d-8d23-d7107659f1fc"
"primetime-master/digital-rights-management/aaxs-reference-implementations/policy-update-list-manager-overview.xml","d030e159-02f5-4a28-b7e8-2cf5fd58b9f1"
"primetime-master/digital-rights-management/aaxs-reference-implementations/policy-update-config-file-props.xml","a07dad9f-cfc9-4c1b-a4b2-b458803cac18"
"primetime-master/digital-rights-management/aaxs-reference-implementations/policy-update-command-line-usage.xml","1c3a450d-5d9c-4437-89dd-1bd8719268b7"
"primetime-master/digital-rights-management/aaxs-reference-implementations/policy-revocation-list-manager.xml","209ae1ee-98d8-491e-a3d2-8d0c8e3ed176"
"primetime-master/digital-rights-management/aaxs-reference-implementations/policy-revocation-list-manager-overview.xml","241ee4fa-1781-497f-ac39-eb018141d300"
"primetime-master/digital-rights-management/aaxs-reference-implementations/revocation-config-file-props.xml","56057160-286b-4601-aac1-265a6def4e74"
"primetime-master/digital-rights-management/aaxs-reference-implementations/revocation-command-line-usage.xml","273e9d3b-efeb-46fa-a4b1-f13247b4e498"
"primetime-master/digital-rights-management/aaxs-reference-implementations/air-publisher-id-utility.xml","707dd00c-cbed-4336-97b4-4576df2cb13d"
"primetime-master/digital-rights-management/aaxs-reference-implementations/air-publisher-id-utility-overview.xml","31aecc0e-ad9b-43ad-ba58-77d2c999f4a4"
"primetime-master/digital-rights-management/aaxs-reference-implementations/air-publisher-command-line-usage.xml","54b1e867-c6cc-4355-b8e6-a7ec910bd33d"
"primetime-master/digital-rights-management/aaxs-reference-implementations/license-generator.xml","6c492f34-4427-4d91-ab67-cd2508ea205a"
"primetime-master/digital-rights-management/aaxs-reference-implementations/license-generator-overview.xml","9c191871-28f4-485e-b09f-038e499764bb"
"primetime-master/digital-rights-management/aaxs-reference-implementations/license-generator-config-file-props.xml","13e158a6-c447-4e5e-884d-03fb4835c120"
"primetime-master/digital-rights-management/aaxs-reference-implementations/license-generator-command-line-usage.xml","b3a995de-653e-491a-9262-86dc56b9ce31"
"primetime-master/digital-rights-management/aaxs-reference-implementations/license-embedder.xml","ac023198-1a4a-4b86-b0de-726e5433c3e1"
"primetime-master/digital-rights-management/aaxs-reference-implementations/license-embedder-overview.xml","0639d7b0-a6c1-45fe-a21b-1fb23d0e379e"
"primetime-master/digital-rights-management/aaxs-reference-implementations/license-embedder-command-line-usage.xml","72117619-a723-49d3-9aa9-5eefcf5b0916"
"primetime-master/digital-rights-management/aaxs-reference-implementations/license-server-and-wfp.xml","7132fff7-0c78-4cff-a532-30cca36e480d"
"primetime-master/digital-rights-management/aaxs-reference-implementations/license-server-wfp-overview.xml","3dd6f699-a5c0-44c4-897a-34e06abe3d71"
"primetime-master/digital-rights-management/aaxs-reference-implementations/license-server-and-wfp-reqs.xml","c8e87231-d8c1-48f1-8bb1-5d76f561f216"
"primetime-master/digital-rights-management/aaxs-reference-implementations/building-the-license-server.xml","d7ca8a8f-c778-41a2-b823-93fac9ab07c5"
"primetime-master/digital-rights-management/aaxs-reference-implementations/license-server-configuration.xml","2a7f4b9e-72d0-4ec0-ab32-831fb5bc9b19"
"primetime-master/digital-rights-management/aaxs-reference-implementations/license-server-config-server-props-files.xml","3d3a0ee3-009f-4d62-9587-7e487ecdcafd"
"primetime-master/digital-rights-management/aaxs-reference-implementations/license-server-config-prep-pws-for-server-props-files.xml","2d876eb0-b1a5-4c30-ae96-0a22f6a03910"
"primetime-master/digital-rights-management/aaxs-reference-implementations/license-server-properties-file.xml","bede307a-2060-451f-baf5-d058702c0a7e"
"primetime-master/digital-rights-management/aaxs-reference-implementations/packager-properties-file.xml","156624ec-66f0-4718-8a66-ed04a47f234d"
"primetime-master/digital-rights-management/aaxs-reference-implementations/license-server-watched-folder-props.xml","fc204bb4-033a-46fe-8642-737f6a4cd1f1"
"primetime-master/digital-rights-management/aaxs-reference-implementations/license-server-setting-up-db-jndi.xml","1326523f-c053-4169-a934-1b2d3907b1f4"
"primetime-master/digital-rights-management/aaxs-reference-implementations/license-server-hsm-config.xml","1cc5be99-c24c-4c1e-9348-fb69f96d8ca5"
"primetime-master/digital-rights-management/aaxs-reference-implementations/license-server-hsm-config-crossdomain-policy-file.xml","8eae1a52-7eec-46fd-a189-6952f5be98e8"
"primetime-master/digital-rights-management/aaxs-reference-implementations/deploying-license-server-and-wfp.xml","866d7de4-89f6-4fc7-9d8a-d7cf3d939ecb"
"primetime-master/digital-rights-management/aaxs-reference-implementations/deploying-license-server-wfp-overview.xml","4b71f2f4-f971-4382-ae41-171f7dfdfe21"
"primetime-master/digital-rights-management/aaxs-reference-implementations/deploying-license-server-wfp-troubleshooting.xml","db76d6a4-c285-4d86-95a1-4f1a85ed3743"
"primetime-master/digital-rights-management/aaxs-reference-implementations/deploying-license-server-determining-ref-running.xml","84d32c94-7594-464e-a883-5338b52de2bf"
"primetime-master/digital-rights-management/aaxs-reference-implementations/deploying-license-impl-usage-models.xml","0928e427-d478-4b7a-bcc4-41444a7959eb"
"primetime-master/digital-rights-management/aaxs-reference-implementations/deploying-license-impl-usage-overview.xml","1041bb84-9996-4284-b2a0-d6fc6d4b73d9"
"primetime-master/digital-rights-management/aaxs-reference-implementations/deploying-license-impl-download-to-own.xml","4dd73299-722d-4b0d-ad3d-5d83e5377fd4"
"primetime-master/digital-rights-management/aaxs-reference-implementations/deploying-license-impl-rental-vod.xml","11e357e5-f683-40c4-a59c-0ae7c10d6cb4"
"primetime-master/digital-rights-management/aaxs-reference-implementations/deploying-license-impl-subscription.xml","10fd8d38-d79e-45c2-88b3-82130bbef5b5"
"primetime-master/digital-rights-management/aaxs-reference-implementations/deploying-license-impl-ad-funded.xml","5cbef309-3dc0-4403-abe1-78a9f80804fd"
"primetime-master/digital-rights-management/aaxs-reference-implementations/impl-domain-registration.xml","2871cc15-eaea-430d-b6fe-f3692d82733b"
"primetime-master/digital-rights-management/aaxs-reference-implementations/impl-domain-registration-id-based-domains.xml","34cad19b-1adb-4e0c-ac59-50632f6988f7"
"primetime-master/digital-rights-management/aaxs-reference-implementations/impl-domain-registration-anonymous-domains.xml","ee29ae4d-65b2-48de-b441-18c8cf55de32"
"primetime-master/digital-rights-management/aaxs-reference-implementations/license-server-migrating-fmrms-aaxs.xml","05caeb39-0c62-4053-87a9-8e89030a188d"
"primetime-master/digital-rights-management/aaxs-reference-implementations/license-server-upgrading-existing-deplys.xml","57e62a88-e541-435c-8274-7f1602548601"
"primetime-master/digital-rights-management/aaxs-reference-implementations/license-server-upgrading-existing-deplys-setup-ds.xml","b262ea86-f465-4ed1-b278-122d4dafc881"
"primetime-master/digital-rights-management/aaxs-reference-implementations/fam-air-app-usage.xml","7063011b-2ea0-451f-a585-d43ec9ca094a"
"primetime-master/digital-rights-management/aaxs-reference-implementations/build-fam-air-app-usage.xml","a52f8900-a7e5-403b-8b21-cd25c0a1b297"
"primetime-master/digital-rights-management/aaxs-reference-implementations/fam-air-app-usage-overview.xml","ed7a1f11-1b7d-41d6-9b15-95c304992fc9"
"primetime-master/digital-rights-management/aaxs-reference-implementations/fam-air-app-usage-bld-pkg-srv.xml","3e6b13a7-c451-4014-868f-9726c21d5b23"
"primetime-master/digital-rights-management/aaxs-reference-implementations/fam-air-app-usage-bld-fam-air-app.xml","00927eb3-b8eb-4dd4-b528-91b70760c8cd"
"primetime-master/digital-rights-management/aaxs-reference-implementations/initial-fam-setup.xml","e9041f7c-b098-4121-88bf-ff3e6369e01b"
"primetime-master/digital-rights-management/aaxs-reference-implementations/initial-fam-setup-set-prefs.xml","8fe555c2-cc49-4f49-be64-bbc9c2d1098b"
"primetime-master/digital-rights-management/aaxs-reference-implementations/initial-fam-setup-set-prefs-overview.xml","d1c067b1-6c2b-460e-8d00-5a5bfee0789c"
"primetime-master/digital-rights-management/aaxs-reference-implementations/initial-fam-setup-pkg-prefs.xml","3e9c971d-3a5f-4f3e-97e7-baab63b1f67f"
"primetime-master/digital-rights-management/aaxs-reference-implementations/initial-fam-setup-pul-prefs.xml","50c97288-0185-4c52-a30f-2a8e588691ea"
"primetime-master/digital-rights-management/aaxs-reference-implementations/initial-fam-setup-hsm-prefs.xml","1b97d582-d4b6-48cd-9c24-2d13493571e9"
"primetime-master/digital-rights-management/aaxs-reference-implementations/initial-fam-usage-policy-creation.xml","5de721c3-00d5-49d1-beb5-7801a663a8e7"
"primetime-master/digital-rights-management/aaxs-reference-implementations/initial-fam-usage-policy-create-new.xml","972f8645-b695-49d5-a5e6-7e8c53fc34c4"
"primetime-master/digital-rights-management/aaxs-reference-implementations/initial-fam-usage-basic-policy-options.xml","b09543b6-26a7-4e4d-8e8f-866b4bf9cc50"
"primetime-master/digital-rights-management/aaxs-reference-implementations/initial-fam-usage-policy-play-rights.xml","90f2a7a6-6637-4d10-9afe-6d2e77fc4185"
"primetime-master/digital-rights-management/aaxs-reference-implementations/initial-fam-usage-policy-custom-data.xml","e9736afc-0f5f-4304-9c37-a192322fa87a"
"primetime-master/digital-rights-management/aaxs-reference-implementations/initial-fam-usage-policy-update-existing.xml","081e5dab-e735-4ae9-bcfd-15dd9819bef3"
"primetime-master/digital-rights-management/aaxs-reference-implementations/initial-fam-usage-policy-update-list.xml","ecc74b66-5b53-4ec3-9641-8b78929e2932"
"primetime-master/digital-rights-management/aaxs-reference-implementations/initial-fam-usage-pkg-media.xml","f6e877be-d916-4766-bc44-99891a3df3a8"
"primetime-master/digital-rights-management/aaxs-reference-implementations/initial-fam-usage-watched-folders.xml","b0073c35-4599-4477-9f5b-28fba889f649"
"primetime-master/digital-rights-management/aaxs-sdk-overview/overview.xml","a77b0427-a7ec-4d55-a887-d7210b5a15a5"
"primetime-master/digital-rights-management/aaxs-sdk-overview/about-adobe-access.xml","e0e85150-8966-4d16-b53a-2c283067481d"
"primetime-master/digital-rights-management/aaxs-sdk-overview/key-features.xml","b1bded0f-4e45-4ff8-a7ce-dac3d3ec0ab0"
"primetime-master/digital-rights-management/aaxs-sdk-overview/terminology-and-core-concepts.xml","89a9e4b0-f5e1-4dc2-9cf8-0c8d7e9b7d62"
"primetime-master/digital-rights-management/aaxs-sdk-overview/content-distribution-workflow.xml","a8e5a429-3693-4587-b576-720b2cbf3e3d"
"primetime-master/digital-rights-management/aaxs-sdk-overview/content-preparation.xml","7a3562c6-6033-4e28-8f0a-18e3cb8987b9"
"primetime-master/digital-rights-management/aaxs-sdk-overview/content-acquisition.xml","f3d8b4ef-bc45-4c2d-962b-638512ca0ef3"
"primetime-master/digital-rights-management/aaxs-sdk-overview/adobe-access-components.xml","9d097e65-0f0e-450b-ac79-db62cd8b60b0"
"primetime-master/digital-rights-management/aaxs-sdk-overview/adobe-access-sdk.xml","6b6c5aa2-56ee-4476-a05b-dcbbe3b9001e"
"primetime-master/digital-rights-management/aaxs-sdk-overview/java-apis-for-managing-domains.xml","d4adb291-f224-4ea3-a384-1233479d5d6e"
"primetime-master/digital-rights-management/aaxs-sdk-overview/java-apis-for-protecting-content.xml","c7256347-955f-4c30-bfe4-cd381959bb26"
"primetime-master/digital-rights-management/aaxs-sdk-overview/java-apis-for-issuing-licenses.xml","beffcd1c-933c-44a9-86fb-78e09456ef33"
"primetime-master/digital-rights-management/aaxs-sdk-overview/reference-implementation.xml","95af6185-d18c-4291-9209-621507cebd9f"
"primetime-master/digital-rights-management/aaxs-sdk-overview/adobe-access-server-for-protected-streaming.xml","5fb780cd-ff13-4962-8913-e4af816e3290"
"primetime-master/digital-rights-management/aaxs-sdk-overview/adobe-flash-player.xml","55e8ca39-7495-4bc0-8ada-96daf1a60972"
"primetime-master/digital-rights-management/aaxs-sdk-overview/adobe-air.xml","42b426d1-757e-444b-9f13-68a15d54b114"
"primetime-master/digital-rights-management/aaxs-sdk-overview/native-ios-and-android-apps.xml","0c9f6071-86ae-4e63-b5ca-9c61c145b2bb"
"primetime-master/digital-rights-management/aaxs-sdk-overview/deploying-adobe-access.xml","94b00ab8-feaa-4b15-9990-e836176b6907"
"primetime-master/digital-rights-management/aaxs-sdk-overview/configure-adobe-access.xml","9f9a9931-f607-4b1a-9209-0236a4c197ca"
"primetime-master/digital-rights-management/aaxs-sdk-overview/deploying-on-a-64-bit-os.xml","29aa3640-64f6-4148-a71f-6e69374568b7"
"primetime-master/digital-rights-management/aaxs-sdk-overview/install-adobe-access-sdk.xml","6558e421-a79c-4b62-b63e-a7b0b4827c61"
"primetime-master/digital-rights-management/aaxs-sdk-overview/install-a-license-server.xml","96efab3e-146e-4f47-808b-b53e7ad94cd1"
"primetime-master/digital-rights-management/aaxs-sdk-overview/create-content-pkgng-policy-mgmt-tools.xml","39f6b609-caa0-4e3b-a2cd-d9555bd2c697"
"primetime-master/digital-rights-management/aaxs-sdk-overview/create-policies-and-package-content.xml","0bcf6895-e224-49c3-b83a-414a1a8661b5"
"primetime-master/digital-rights-management/aaxs-sdk-overview/develop-apps-for-video-playback.xml","414a43d3-e993-4260-be42-7845346080b9"
"primetime-master/digital-rights-management/aaxs-sdk-overview/additional-deployment-scenarios.xml","a93382b6-69b2-44f5-951a-a17743765f34"
"primetime-master/digital-rights-management/aaxs-sdk-overview/ultra-violet-media-adobe-access.xml","d287680f-02de-4cca-aeea-22b7fd8e67d2"
"primetime-master/digital-rights-management/aaxs-sdk-overview/adobe-pass-and-adobe-access.xml","09e75cd7-00b3-4f0f-869e-43dc4d5c3bf7"
"primetime-master/digital-rights-management/aaxs-secure-deployment-guidelines/overview.xml","c06c203a-1cf7-4411-8d27-b719e8db0e83"
"primetime-master/digital-rights-management/aaxs-secure-deployment-guidelines/network-topology.xml","1558b7fa-dc0d-477c-8f1c-9c6f3718e1b0"
"primetime-master/digital-rights-management/aaxs-secure-deployment-guidelines/network-topology-network-layer-sec.xml","bd53bccf-1130-4189-97ec-4259bd25762f"
"primetime-master/digital-rights-management/aaxs-secure-deployment-guidelines/network-topology-firewall-rules.xml","a5667030-c4d0-42e3-b56e-20a12c903954"
"primetime-master/digital-rights-management/aaxs-secure-deployment-guidelines/network-topology-nw-protocols.xml","4f2ee3f5-6758-4fbe-b5cd-cead1e5ccde8"
"primetime-master/digital-rights-management/aaxs-secure-deployment-guidelines/network-topology-ports-for-app-srvs.xml","4b4c4c38-5072-42c5-ab5a-e684136d53e1"
"primetime-master/digital-rights-management/aaxs-secure-deployment-guidelines/network-topology-configuring-ssl.xml","aba7c7bb-63bb-4d51-b57e-329d2ad01590"
"primetime-master/digital-rights-management/aaxs-secure-deployment-guidelines/vendor-specific-sec-info.xml","23186770-c73a-4802-bc30-fa9e4b47d9ba"
"primetime-master/digital-rights-management/aaxs-secure-deployment-guidelines/physical-sec-and-access.xml","804e8854-be3b-4ec7-bf96-f0fe5fd8a92b"
"primetime-master/digital-rights-management/aaxs-secure-deployment-guidelines/pkging-and-protecting-content.xml","f2985050-ad27-49c1-8770-d791fb3c3749"
"primetime-master/digital-rights-management/aaxs-secure-deployment-guidelines/pkging-and-protecting-content-secure-the-server.xml","bbd3e6ba-670a-4bcc-b3d2-ea77108a841b"
"primetime-master/digital-rights-management/aaxs-secure-deployment-guidelines/pkging-and-protecting-content-secure-pkging.xml","a5e7cc17-353b-47d1-b89c-a2ba3c9faca1"
"primetime-master/digital-rights-management/aaxs-secure-deployment-guidelines/pkging-and-protecting-content-secure-storing-policies.xml","b1ac236f-6637-46d4-8405-a819d6093314"
"primetime-master/digital-rights-management/aaxs-secure-deployment-guidelines/pkging-and-protecting-content-ake.xml","0aae25f1-a609-4c73-9aef-13f8ae63f6e1"
"primetime-master/digital-rights-management/aaxs-secure-deployment-guidelines/pkging-and-protecting-content-ensure-compat-fmrms.xml","0160ca02-ebe6-4090-bf32-1d1a46088844"
"primetime-master/digital-rights-management/aaxs-secure-deployment-guidelines/issuing-licenses.xml","2e790f36-57ea-4ae4-aadd-cede6a4a36c0"
"primetime-master/digital-rights-management/aaxs-secure-deployment-guidelines/protect-license-server-consume-local-crls.xml","5a4519b8-6dbd-4921-9048-6c9f67aae18d"
"primetime-master/digital-rights-management/aaxs-secure-deployment-guidelines/protect-license-server-consume-crls-by-adobe.xml","43f65edb-0c96-46ab-b787-1b5f0b4b093e"
"primetime-master/digital-rights-management/aaxs-secure-deployment-guidelines/protect-license-server-gen-crls-to-supplement-adobe.xml","4e93f6d3-5a04-44e9-9e6b-e878798b68f5"
"primetime-master/digital-rights-management/aaxs-secure-deployment-guidelines/protect-license-server-rollback-detection.xml","fc80c98f-7ee5-414b-87fe-0dbb8d4f6019"
"primetime-master/digital-rights-management/aaxs-secure-deployment-guidelines/protect-license-server-rollback-detection-machine-count.xml","d57f8b0b-0363-4b26-bd71-76f4abe5b68f"
"primetime-master/digital-rights-management/aaxs-secure-deployment-guidelines/protect-license-server-replay-detection.xml","5e6488e6-0834-4dcf-bc26-55019f5db320"
"primetime-master/digital-rights-management/aaxs-secure-deployment-guidelines/protect-license-server-maintain-whitelist.xml","ad40993c-15c3-43b2-9593-7b75802cfe69"
"primetime-master/digital-rights-management/aaxs-secure-deployment-guidelines/protect-license-server-timeout-for-authn-tokens.xml","41b0fbf5-a567-4118-bec1-c05e6e0b6d1f"
"primetime-master/digital-rights-management/aaxs-secure-deployment-guidelines/protect-license-server-override-policy-options.xml","eeab6013-cd02-443a-9f26-bb3259b32c8a"
"primetime-master/digital-rights-management/aaxs-secure-deployment-guidelines/pre-gen-licenses.xml","0207abdf-52bb-4bd0-a4f2-fe740b89fa83"
"primetime-master/digital-rights-management/aaxs-secure-deployment-guidelines/managing-domains.xml","aee02196-8704-46ee-add9-82b371722f0f"
